Date,Equity,phase
2021-01-15,10000000.0,IS
2021-01-18,10000000.0,IS
2021-01-19,10000000.0,IS
2021-01-20,10000000.0,IS
2021-01-21,10000000.0,IS
2021-01-22,10000000.0,IS
2021-01-25,10000000.0,IS
2021-01-26,9976478.188865565,IS
2021-01-27,9933383.02284994,IS
2021-01-28,10091397.524803065,IS
2021-01-29,9890287.02675619,IS
2021-02-01,9976478.188865565,IS
2021-02-02,9947747.524803065,IS
2021-02-03,9983658.364646815,IS
2021-02-04,10026754.360740565,IS
2021-02-05,10079184.901938584,IS
2021-02-08,10079184.901938584,IS
2021-02-09,10079184.901938584,IS
2021-02-10,10079184.901938584,IS
2021-02-11,10079184.901938584,IS
2021-02-15,10079184.901938584,IS
2021-02-16,10079184.901938584,IS
2021-02-17,10079184.901938584,IS
2021-02-18,10055956.25559169,IS
2021-02-19,10185240.093482316,IS
2021-02-22,10134964.75168544,IS
2021-02-23,10185240.093482316,IS
2021-02-24,10041592.58371669,IS
2021-02-25,10012861.91965419,IS
2021-02-26,10020043.75559169,IS
2021-03-01,10466876.306748683,IS
2021-03-02,10466876.306748683,IS
2021-03-03,10466876.306748683,IS
2021-03-04,10466876.306748683,IS
2021-03-05,10466876.306748683,IS
2021-03-08,10466876.306748683,IS
2021-03-09,10466876.306748683,IS
2021-03-10,10466876.306748683,IS
2021-03-12,10466876.306748683,IS
2021-03-15,10466876.306748683,IS
2021-03-16,10466876.306748683,IS
2021-03-17,10466876.306748683,IS
2021-03-18,10466876.306748683,IS
2021-03-19,10466876.306748683,IS
2021-03-22,10466876.306748683,IS
2021-03-23,10466876.306748683,IS
2021-03-24,10442052.013064737,IS
2021-03-25,10329667.198611612,IS
2021-03-26,10401914.513064737,IS
2021-03-29,10313612.755252237,IS
2021-03-30,10369804.698611612,IS
2021-03-31,10080816.368533487,IS
2021-04-01,10096870.811892862,IS
2021-04-05,9984486.925174112,IS
2021-04-06,10000542.296267862,IS
2021-04-07,10137008.311892862,IS
2021-04-08,10090447.179080362,IS
2021-04-09,10161964.738910966,IS
2021-04-12,10161964.738910966,IS
2021-04-13,10138512.312300684,IS
2021-04-14,10600167.97114485,IS
2021-04-15,10600167.97114485,IS
2021-04-16,10600167.97114485,IS
2021-04-19,10600167.97114485,IS
2021-04-20,10600167.97114485,IS
2021-04-21,10600167.97114485,IS
2021-04-22,10600167.97114485,IS
2021-04-23,10600167.97114485,IS
2021-04-26,10600167.97114485,IS
2021-04-27,10600167.97114485,IS
2021-04-28,10600167.97114485,IS
2021-04-29,10600167.97114485,IS
2021-04-30,10600167.97114485,IS
2021-05-03,10600167.97114485,IS
2021-05-04,10600167.97114485,IS
2021-05-05,10600167.97114485,IS
2021-05-06,10600167.97114485,IS
2021-05-07,10600167.97114485,IS
2021-05-10,10600167.97114485,IS
2021-05-11,10600167.97114485,IS
2021-05-17,10600167.97114485,IS
2021-05-18,10600167.97114485,IS
2021-05-19,10575367.027754758,IS
2021-05-20,10632346.617598508,IS
2021-05-21,10599787.779707883,IS
2021-05-24,10542807.262129758,IS
2021-05-25,10591646.910567258,IS
2021-05-27,10453267.906661008,IS
2021-05-28,10567226.158614133,IS
2021-05-31,10588934.902347544,IS
2021-06-02,10588934.902347544,IS
2021-06-03,10588934.902347544,IS
2021-06-04,10588934.902347544,IS
2021-06-07,10588934.902347544,IS
2021-06-08,10588934.902347544,IS
2021-06-09,10588934.902347544,IS
2021-06-10,10588934.902347544,IS
2021-06-11,10588934.902347544,IS
2021-06-14,10588934.902347544,IS
2021-06-15,10588934.902347544,IS
2021-06-16,10588934.902347544,IS
2021-06-17,10564192.58973441,IS
2021-06-18,10556052.64832816,IS
2021-06-21,10433952.599500036,IS
2021-06-22,10580471.544812536,IS
2021-06-23,10401393.76160941,IS
2021-06-24,10368833.068250036,IS
2021-06-25,10336274.23035941,IS
2021-06-28,10116493.95692191,IS
2021-06-29,10100214.07410941,IS
2021-06-30,10067653.380750036,IS
2021-07-01,10067653.380750036,IS
2021-07-02,10189753.42957816,IS
2021-07-05,10206034.240125036,IS
2021-07-06,10116493.95692191,IS
2021-07-07,10132771.98426566,IS
2021-07-08,10051373.497937536,IS
2021-07-09,10059513.439343786,IS
2021-07-12,10269575.990220789,IS
2021-07-13,10269575.990220789,IS
2021-07-14,10269575.990220789,IS
2021-07-15,10269575.990220789,IS
2021-07-16,10269575.990220789,IS
2021-07-19,10269575.990220789,IS
2021-07-21,10269575.990220789,IS
2021-07-22,10269575.990220789,IS
2021-07-23,10269575.990220789,IS
2021-07-26,10269575.990220789,IS
2021-07-27,10269575.990220789,IS
2021-07-28,10269575.990220789,IS
2021-07-29,10269575.990220789,IS
2021-07-30,10269575.990220789,IS
2021-08-02,10269575.990220789,IS
2021-08-03,10269575.990220789,IS
2021-08-04,10269575.990220789,IS
2021-08-05,10269575.990220789,IS
2021-08-06,10269575.990220789,IS
2021-08-09,10269575.990220789,IS
2021-08-10,10269575.990220789,IS
2021-08-12,10269575.990220789,IS
2021-08-13,10269575.990220789,IS
2021-08-16,10269575.990220789,IS
2021-08-18,10269575.990220789,IS
2021-08-19,10269575.990220789,IS
2021-08-20,10269575.990220789,IS
2021-08-23,10269575.990220789,IS
2021-08-24,10269575.990220789,IS
2021-08-25,10269575.990220789,IS
2021-08-26,10269575.990220789,IS
2021-08-27,10269575.990220789,IS
2021-08-30,10269575.990220789,IS
2021-08-31,10269575.990220789,IS
2021-09-01,10269575.990220789,IS
2021-09-02,10269575.990220789,IS
2021-09-03,10269575.990220789,IS
2021-09-06,10269575.990220789,IS
2021-09-07,10269575.990220789,IS
2021-09-08,10245728.568648323,IS
2021-09-09,10411788.940607665,IS
2021-09-10,10411788.940607665,IS
2021-09-13,10411788.940607665,IS
2021-09-14,10411788.940607665,IS
2021-09-15,10411788.940607665,IS
2021-09-16,10411788.940607665,IS
2021-09-17,10411788.940607665,IS
2021-09-20,10411788.940607665,IS
2021-09-21,10411788.940607665,IS
2021-09-22,10411788.940607665,IS
2021-09-23,10411788.940607665,IS
2021-09-24,10411788.940607665,IS
2021-09-27,10411788.940607665,IS
2021-09-28,10411788.940607665,IS
2021-09-29,10411788.940607665,IS
2021-09-30,10411788.940607665,IS
2021-10-01,10411788.940607665,IS
2021-10-04,10411788.940607665,IS
2021-10-05,10411788.940607665,IS
2021-10-06,10411788.940607665,IS
2021-10-07,10411788.940607665,IS
2021-10-08,10411788.940607665,IS
2021-10-11,10411788.940607665,IS
2021-10-12,10411788.940607665,IS
2021-10-13,10411788.940607665,IS
2021-10-14,10411788.940607665,IS
2021-10-15,10411788.940607665,IS
2021-10-18,10411788.940607665,IS
2021-10-19,10411788.940607665,IS
2021-10-21,10411788.940607665,IS
2021-10-22,10411788.940607665,IS
2021-10-25,10411788.940607665,IS
2021-10-26,10411788.940607665,IS
2021-10-27,10411788.940607665,IS
2021-10-28,10411788.940607665,IS
2021-10-29,10411788.940607665,IS
2021-11-01,10411788.940607665,IS
2021-11-02,10387760.488108603,IS
2021-11-03,10456308.144358603,IS
2021-11-04,10490581.581858603,IS
2021-11-05,10558692.241643095,IS
2021-11-08,10558692.241643095,IS
2021-11-09,10558692.241643095,IS
2021-11-10,10558692.241643095,IS
2021-11-11,10558692.241643095,IS
2021-11-12,10558692.241643095,IS
2021-11-15,10558692.241643095,IS
2021-11-16,10558692.241643095,IS
2021-11-17,10558692.241643095,IS
2021-11-18,10558692.241643095,IS
2021-11-19,10558692.241643095,IS
2021-11-22,10558692.241643095,IS
2021-11-23,10558692.241643095,IS
2021-11-24,10558692.241643095,IS
2021-11-25,10558692.241643095,IS
2021-11-26,10534665.721158488,IS
2021-11-29,10706608.689908488,IS
2021-11-30,10534665.721158488,IS
2021-12-01,10569054.783658488,IS
2021-12-02,10809100.384425716,IS
2021-12-03,10809100.384425716,IS
2021-12-06,10809100.384425716,IS
2021-12-07,10809100.384425716,IS
2021-12-08,10809100.384425716,IS
2021-12-09,10809100.384425716,IS
2021-12-10,10809100.384425716,IS
2021-12-13,10809100.384425716,IS
2021-12-14,10809100.384425716,IS
2021-12-15,10809100.384425716,IS
2021-12-16,10809100.384425716,IS
2021-12-17,10809100.384425716,IS
2021-12-20,10809100.384425716,IS
2021-12-21,10809100.384425716,IS
2021-12-22,10809100.384425716,IS
2021-12-23,10809100.384425716,IS
2021-12-24,10809100.384425716,IS
2021-12-27,10809100.384425716,IS
2021-12-28,10809100.384425716,IS
2021-12-29,10809100.384425716,IS
2021-12-30,10809100.384425716,IS
2022-01-03,10809100.384425716,IS
2022-01-04,10809100.384425716,IS
2022-01-05,10809100.384425716,IS
2022-01-06,10809100.384425716,IS
2022-01-07,10809100.384425716,IS
2022-01-10,10809100.384425716,IS
2022-01-11,10809100.384425716,IS
2022-01-12,10809100.384425716,IS
2022-01-13,10809100.384425716,IS
2022-01-14,10809100.384425716,IS
2022-01-17,10809100.384425716,IS
2022-01-18,10809100.384425716,IS
2022-01-19,10809100.384425716,IS
2022-01-20,10809100.384425716,IS
2022-01-21,10809100.384425716,IS
2022-01-24,10809100.384425716,IS
2022-01-25,10809100.384425716,IS
2022-01-26,10809100.384425716,IS
2022-01-27,10809100.384425716,IS
2022-01-28,10809100.384425716,IS
2022-01-31,10809100.384425716,IS
2022-02-02,10809100.384425716,IS
2022-02-03,10809100.384425716,IS
2022-02-04,10809100.384425716,IS
2022-02-07,10809100.384425716,IS
2022-02-08,10809100.384425716,IS
2022-02-09,10809100.384425716,IS
2022-02-10,10809100.384425716,IS
2022-02-11,10809100.384425716,IS
2022-02-14,10809100.384425716,IS
2022-02-15,10809100.384425716,IS
2022-02-16,10809100.384425716,IS
2022-02-17,10809100.384425716,IS
2022-02-18,10809100.384425716,IS
2022-02-21,10809100.384425716,IS
2022-02-22,10809100.384425716,IS
2022-02-23,10809100.384425716,IS
2022-02-24,10809100.384425716,IS
2022-02-25,10809100.384425716,IS
2022-03-01,10809100.384425716,IS
2022-03-02,10809100.384425716,IS
2022-03-04,10809100.384425716,IS
2022-03-07,10783670.251689428,IS
2022-03-08,10714892.907939428,IS
2022-03-09,10990000.720439428,IS
2022-03-10,11056120.434515249,IS
2022-03-11,11056120.434515249,IS
2022-03-14,11056120.434515249,IS
2022-03-15,11056120.434515249,IS
2022-03-16,11056120.434515249,IS
2022-03-17,11056120.434515249,IS
2022-03-18,11056120.434515249,IS
2022-03-21,11056120.434515249,IS
2022-03-22,11056120.434515249,IS
2022-03-23,11056120.434515249,IS
2022-03-24,11056120.434515249,IS
2022-03-25,11056120.434515249,IS
2022-03-28,11056120.434515249,IS
2022-03-29,11056120.434515249,IS
2022-03-30,11056120.434515249,IS
2022-03-31,11056120.434515249,IS
2022-04-01,11056120.434515249,IS
2022-04-04,11056120.434515249,IS
2022-04-05,11056120.434515249,IS
2022-04-06,11030132.908106266,IS
2022-04-07,11030132.908106266,IS
2022-04-08,11169795.408106266,IS
2022-04-11,10995218.064356266,IS
2022-04-12,11099963.376856266,IS
2022-04-13,11099963.376856266,IS
2022-04-14,10960301.658106266,IS
2022-04-18,10960301.658106266,IS
2022-04-19,10855554.001856266,IS
2022-04-20,10890470.408106266,IS
2022-04-21,11236926.244897127,IS
2022-04-22,11236926.244897127,IS
2022-04-25,11236926.244897127,IS
2022-04-26,11236926.244897127,IS
2022-04-27,11236926.244897127,IS
2022-04-28,11236926.244897127,IS
2022-05-09,11236926.244897127,IS
2022-05-10,11236926.244897127,IS
2022-05-11,11236926.244897127,IS
2022-05-12,11211006.829735052,IS
2022-05-13,11285201.702781927,IS
2022-05-17,11396495.257469427,IS
2022-05-18,11656181.878563177,IS
2022-05-19,11470691.790672552,IS
2022-05-20,11396495.257469427,IS
2022-05-23,11359397.405906927,IS
2022-05-24,11322299.554344427,IS
2022-05-25,11359397.405906927,IS
2022-05-27,11617979.93979289,IS
2022-05-30,11617979.93979289,IS
2022-05-31,11617979.93979289,IS
2022-06-02,11617979.93979289,IS
2022-06-03,11617979.93979289,IS
2022-06-06,11617979.93979289,IS
2022-06-07,11617979.93979289,IS
2022-06-08,11617979.93979289,IS
2022-06-09,11617979.93979289,IS
2022-06-10,11590252.926750181,IS
2022-06-13,11590252.926750181,IS
2022-06-14,11668813.083000181,IS
2022-06-15,11550972.848625181,IS
2022-06-16,11903326.276048556,IS
2022-06-17,11903326.276048556,IS
2022-06-20,11903326.276048556,IS
2022-06-21,11903326.276048556,IS
2022-06-22,11903326.276048556,IS
2022-06-23,11903326.276048556,IS
2022-06-24,11903326.276048556,IS
2022-06-27,11903326.276048556,IS
2022-06-28,11903326.276048556,IS
2022-06-29,11875882.18940636,IS
2022-06-30,11836602.99018761,IS
2022-07-01,11836602.99018761,IS
2022-07-04,11522359.72846886,IS
2022-07-05,11836602.99018761,IS
2022-07-06,11915161.38862511,IS
2022-07-07,11600920.76362511,IS
2022-07-08,11679480.91987511,IS
2022-07-11,11640200.84175011,IS
2022-07-12,11718762.75581261,IS
2022-07-13,11443801.33003136,IS
2022-07-14,11483081.40815636,IS
2022-07-15,11443801.33003136,IS
2022-07-18,11641301.234471695,IS
2022-07-19,11641301.234471695,IS
2022-07-20,11641301.234471695,IS
2022-07-21,11641301.234471695,IS
2022-07-22,11641301.234471695,IS
2022-07-25,11641301.234471695,IS
2022-07-26,11641301.234471695,IS
2022-07-27,11641301.234471695,IS
2022-07-28,11641301.234471695,IS
2022-07-29,11641301.234471695,IS
2022-08-01,11641301.234471695,IS
2022-08-02,11641301.234471695,IS
2022-08-03,11641301.234471695,IS
2022-08-04,11641301.234471695,IS
2022-08-05,11641301.234471695,IS
2022-08-08,11641301.234471695,IS
2022-08-09,11641301.234471695,IS
2022-08-10,11641301.234471695,IS
2022-08-11,11641301.234471695,IS
2022-08-12,11641301.234471695,IS
2022-08-15,11641301.234471695,IS
2022-08-16,11641301.234471695,IS
2022-08-18,11641301.234471695,IS
2022-08-19,11641301.234471695,IS
2022-08-22,11641301.234471695,IS
2022-08-23,11641301.234471695,IS
2022-08-24,11641301.234471695,IS
2022-08-25,11641301.234471695,IS
2022-08-26,11641301.234471695,IS
2022-08-29,11641301.234471695,IS
2022-08-30,11641301.234471695,IS
2022-08-31,11641301.234471695,IS
2022-09-01,11641301.234471695,IS
2022-09-02,11641301.234471695,IS
2022-09-05,11641301.234471695,IS
2022-09-06,11641301.234471695,IS
2022-09-07,11641301.234471695,IS
2022-09-08,11641301.234471695,IS
2022-09-09,11641301.234471695,IS
2022-09-12,11641301.234471695,IS
2022-09-13,11641301.234471695,IS
2022-09-14,11641301.234471695,IS
2022-09-15,11641301.234471695,IS
2022-09-16,11641301.234471695,IS
2022-09-19,11641301.234471695,IS
2022-09-20,11641301.234471695,IS
2022-09-21,11641301.234471695,IS
2022-09-22,11641301.234471695,IS
2022-09-23,11641301.234471695,IS
2022-09-26,11641301.234471695,IS
2022-09-27,11641301.234471695,IS
2022-09-28,11641301.234471695,IS
2022-09-29,11641301.234471695,IS
2022-09-30,11641301.234471695,IS
2022-10-03,11641301.234471695,IS
2022-10-04,11641301.234471695,IS
2022-10-05,11641301.234471695,IS
2022-10-06,11641301.234471695,IS
2022-10-07,11613804.756005524,IS
2022-10-10,11753466.474755524,IS
2022-10-11,11683636.006005524,IS
2022-10-12,11788384.443505524,IS
2022-10-13,11718553.193505524,IS
2022-10-14,11683636.006005524,IS
2022-10-17,11683636.006005524,IS
2022-10-18,11753466.474755524,IS
2022-10-19,11718553.193505524,IS
2022-10-20,11992448.537547244,IS
2022-10-21,11992448.537547244,IS
2022-10-24,11992448.537547244,IS
2022-10-25,11992448.537547244,IS
2022-10-26,11992448.537547244,IS
2022-10-27,11992448.537547244,IS
2022-10-28,11992448.537547244,IS
2022-10-31,11992448.537547244,IS
2022-11-01,11992448.537547244,IS
2022-11-02,11992448.537547244,IS
2022-11-03,11992448.537547244,IS
2022-11-04,11992448.537547244,IS
2022-11-07,11992448.537547244,IS
2022-11-08,11992448.537547244,IS
2022-11-09,11992448.537547244,IS
2022-11-10,11992448.537547244,IS
2022-11-11,11992448.537547244,IS
2022-11-14,11992448.537547244,IS
2022-11-15,11992448.537547244,IS
2022-11-16,11965413.123662028,IS
2022-11-17,12129079.383427653,IS
2022-11-18,12220743.807025593,IS
2022-11-21,12220743.807025593,IS
2022-11-22,12220743.807025593,IS
2022-11-23,12220743.807025593,IS
2022-11-24,12220743.807025593,IS
2022-11-25,12220743.807025593,IS
2022-11-28,12220743.807025593,IS
2022-11-29,12220743.807025593,IS
2022-11-30,12220743.807025593,IS
2022-12-01,12220743.807025593,IS
2022-12-02,12220743.807025593,IS
2022-12-05,12220743.807025593,IS
2022-12-06,12191540.975270163,IS
2022-12-07,11876073.787770163,IS
2022-12-08,11946176.912770163,IS
2022-12-09,12051332.381520163,IS
2022-12-12,12226591.756520163,IS
2022-12-13,12226591.756520163,IS
2022-12-14,12121437.069020163,IS
2022-12-15,11946176.912770163,IS
2022-12-16,12086385.506520163,IS
2022-12-19,12115273.421937859,IS
2022-12-20,12115273.421937859,IS
2022-12-21,12115273.421937859,IS
2022-12-22,12115273.421937859,IS
2022-12-23,12115273.421937859,IS
2022-12-26,12115273.421937859,IS
2022-12-27,12115273.421937859,IS
2022-12-28,12115273.421937859,IS
2022-12-29,12115273.421937859,IS
2022-12-30,12115273.421937859,IS
2023-01-02,12115273.421937859,IS
2023-01-03,12115273.421937859,IS
2023-01-04,12087164.64307368,IS
2023-01-05,11946954.48682368,IS
2023-01-06,12017059.95557368,IS
2023-01-09,12227372.45557368,IS
2023-01-10,11841799.79932368,IS
2023-01-11,11771695.89307368,IS
2023-01-12,11841799.79932368,IS
2023-01-13,11666540.42432368,IS
2023-01-16,11806749.79932368,IS
2023-01-17,12012442.609633094,IS
2023-01-18,12012442.609633094,IS
2023-01-19,12012442.609633094,IS
2023-01-20,12012442.609633094,IS
2023-01-24,12012442.609633094,IS
2023-01-25,12012442.609633094,IS
2023-01-26,12012442.609633094,IS
2023-01-27,12012442.609633094,IS
2023-01-30,12012442.609633094,IS
2023-01-31,12012442.609633094,IS
2023-02-01,12012442.609633094,IS
2023-02-02,12012442.609633094,IS
2023-02-03,12012442.609633094,IS
2023-02-06,12012442.609633094,IS
2023-02-07,12012442.609633094,IS
2023-02-08,12012442.609633094,IS
2023-02-09,12012442.609633094,IS
2023-02-10,12012442.609633094,IS
2023-02-13,12012442.609633094,IS
2023-02-14,12012442.609633094,IS
2023-02-15,12012442.609633094,IS
2023-02-16,12012442.609633094,IS
2023-02-17,12012442.609633094,IS
2023-02-20,12012442.609633094,IS
2023-02-21,12012442.609633094,IS
2023-02-22,12012442.609633094,IS
2023-02-23,12012442.609633094,IS
2023-02-24,12012442.609633094,IS
2023-02-27,12012442.609633094,IS
2023-02-28,12012442.609633094,IS
2023-03-01,11985301.648321155,IS
2023-03-02,12018162.488164905,IS
2023-03-03,11820994.519414905,IS
2023-03-06,11722411.999883655,IS
2023-03-07,11755272.839727405,IS
2023-03-08,11952439.343633655,IS
2023-03-09,11952439.343633655,IS
2023-03-10,11788134.41199303,IS
2023-03-13,11881383.776815737,IS
2023-03-14,11853359.158752026,IS
2023-03-15,11853359.158752026,IS
2023-03-16,11818307.596252026,IS
2023-03-17,11923463.846252026,IS
2023-03-20,11958516.190002026,IS
2023-03-21,12058220.43077683,IS
2023-03-24,12058220.43077683,IS
2023-03-27,12058220.43077683,IS
2023-03-28,12058220.43077683,IS
2023-03-29,12058220.43077683,IS
2023-03-30,12058220.43077683,IS
2023-03-31,12058220.43077683,IS
2023-04-03,12058220.43077683,IS
2023-04-04,12058220.43077683,IS
2023-04-05,12058220.43077683,IS
2023-04-06,12058220.43077683,IS
2023-04-10,12058220.43077683,IS
2023-04-11,12058220.43077683,IS
2023-04-12,12058220.43077683,IS
2023-04-13,12058220.43077683,IS
2023-04-14,12058220.43077683,IS
2023-04-17,12058220.43077683,IS
2023-04-18,12058220.43077683,IS
2023-04-26,12058220.43077683,IS
2023-04-27,12058220.43077683,IS
2023-04-28,12058220.43077683,IS
2023-05-02,12058220.43077683,IS
2023-05-03,12058220.43077683,IS
2023-05-04,12058220.43077683,IS
2023-05-05,12058220.43077683,IS
2023-05-08,12058220.43077683,IS
2023-05-09,12058220.43077683,IS
2023-05-10,12058220.43077683,IS
2023-05-11,12029812.694598766,IS
2023-05-12,11996295.604755016,IS
2023-05-15,11962777.782489391,IS
2023-05-16,11862221.386005016,IS
2023-05-17,11962777.782489391,IS
2023-05-19,12223429.583453637,IS
2023-05-22,12223429.583453637,IS
2023-05-23,12223429.583453637,IS
2023-05-24,12223429.583453637,IS
2023-05-25,12223429.583453637,IS
2023-05-26,12223429.583453637,IS
2023-05-29,12223429.583453637,IS
2023-05-30,12223429.583453637,IS
2023-05-31,12223429.583453637,IS
2023-06-05,12223429.583453637,IS
2023-06-06,12223429.583453637,IS
2023-06-07,12223429.583453637,IS
2023-06-08,12223429.583453637,IS
2023-06-09,12223429.583453637,IS
2023-06-12,12223429.583453637,IS
2023-06-13,12223429.583453637,IS
2023-06-14,12223429.583453637,IS
2023-06-15,12223429.583453637,IS
2023-06-16,12223429.583453637,IS
2023-06-19,12194458.523209484,IS
2023-06-20,12261494.90016261,IS
2023-06-21,12320471.664935034,IS
2023-06-22,12320471.664935034,IS
2023-06-23,12320471.664935034,IS
2023-06-26,12320471.664935034,IS
2023-06-27,12320471.664935034,IS
2023-07-03,12320471.664935034,IS
2023-07-04,12320471.664935034,IS
2023-07-05,12320471.664935034,IS
2023-07-06,12320471.664935034,IS
2023-07-07,12320471.664935034,IS
2023-07-10,12320471.664935034,IS
2023-07-11,12320471.664935034,IS
2023-07-12,12320471.664935034,IS
2023-07-13,12320471.664935034,IS
2023-07-14,12320471.664935034,IS
2023-07-17,12320471.664935034,IS
2023-07-18,12320471.664935034,IS
2023-07-20,12320471.664935034,IS
2023-07-21,12320471.664935034,IS
2023-07-24,12320471.664935034,IS
2023-07-25,12320471.664935034,IS
2023-07-26,12320471.664935034,IS
2023-07-27,12320471.664935034,IS
2023-07-28,12320471.664935034,IS
2023-07-31,12320471.664935034,IS
2023-08-01,12320471.664935034,IS
2023-08-02,12320471.664935034,IS
2023-08-03,12320471.664935034,IS
2023-08-04,12320471.664935034,IS
2023-08-07,12320471.664935034,IS
2023-08-08,12320471.664935034,IS
2023-08-09,12320471.664935034,IS
2023-08-10,12320471.664935034,IS
2023-08-11,12320471.664935034,IS
2023-08-14,12320471.664935034,IS
2023-08-15,12320471.664935034,IS
2023-08-16,12320471.664935034,IS
2023-08-18,12320471.664935034,IS
2023-08-21,12292906.234654985,IS
2023-08-22,12449323.422154985,IS
2023-08-23,12449323.422154985,IS
2023-08-24,12324188.851842485,IS
2023-08-25,12418040.804967485,IS
2023-08-28,12324188.851842485,IS
2023-08-29,12386756.820592485,IS
2023-08-30,12324188.851842485,IS
2023-08-31,12292906.234654985,IS
2023-09-01,12355472.836217485,IS
2023-09-04,12355472.836217485,IS
2023-09-05,12355472.836217485,IS
2023-09-06,12261620.199498735,IS
2023-09-07,12292906.234654985,IS
2023-09-08,12230338.949498735,IS
2023-09-11,12230338.949498735,IS
2023-09-12,12199054.965123735,IS
2023-09-13,12167772.347936235,IS
2023-09-14,12199054.965123735,IS
2023-09-15,12073920.394811235,IS
2023-09-18,12073920.394811235,IS
2023-09-19,12167772.347936235,IS
2023-09-20,12222707.59952956,IS
2023-09-21,12222707.59952956,IS
2023-09-22,12222707.59952956,IS
2023-09-25,12222707.59952956,IS
2023-09-26,12193897.486757636,IS
2023-09-27,12093343.287538886,IS
2023-09-29,12026306.910585761,IS
2023-10-02,12320137.720051033,IS
2023-10-03,12320137.720051033,IS
2023-10-04,12320137.720051033,IS
2023-10-05,12320137.720051033,IS
2023-10-06,12320137.720051033,IS
2023-10-09,12320137.720051033,IS
2023-10-10,12320137.720051033,IS
2023-10-11,12320137.720051033,IS
2023-10-12,12320137.720051033,IS
2023-10-13,12320137.720051033,IS
2023-10-16,12320137.720051033,IS
2023-10-17,12320137.720051033,IS
2023-10-18,12291649.507499093,IS
2023-10-19,12157575.288749093,IS
2023-10-20,12418345.391261104,IS
2023-10-23,12418345.391261104,IS
2023-10-24,12418345.391261104,IS
2023-10-25,12418345.391261104,IS
2023-10-26,12418345.391261104,IS
2023-10-27,12418345.391261104,IS
2023-10-30,12418345.391261104,IS
2023-10-31,12418345.391261104,IS
2023-11-01,12388816.366063528,IS
2023-11-02,12703328.678025832,IS
2023-11-03,12703328.678025832,IS
2023-11-06,12703328.678025832,IS
2023-11-07,12703328.678025832,IS
2023-11-08,12703328.678025832,IS
2023-11-09,12703328.678025832,IS
2023-11-10,12703328.678025832,IS
2023-11-13,12703328.678025832,IS
2023-11-14,12703328.678025832,IS
2023-11-15,12703328.678025832,IS
2023-11-16,12703328.678025832,IS
2023-11-17,12703328.678025832,IS
2023-11-20,12703328.678025832,IS
2023-11-21,12673198.770072943,IS
2023-11-22,12816208.145072943,IS
2023-11-23,12887712.051322943,IS
2023-11-24,12887712.051322943,IS
2023-11-27,12816208.145072943,IS
2023-11-28,12816208.145072943,IS
2023-11-29,12851959.707572943,IS
2023-11-30,12915598.077335756,IS
2023-12-01,12915598.077335756,IS
2023-12-04,12915598.077335756,IS
2023-12-05,12915598.077335756,IS
2023-12-06,12885238.164000092,IS
2023-12-07,12921160.820250092,IS
2023-12-08,12813389.726500092,IS
2023-12-11,12813389.726500092,IS
2023-12-12,12741543.632750092,IS
2023-12-13,12705621.757750092,IS
2023-12-14,13200273.246011734,IS
2023-12-15,13200273.246011734,IS
2023-12-18,13200273.246011734,IS
2023-12-19,13200273.246011734,IS
2023-12-20,13200273.246011734,IS
2023-12-21,13200273.246011734,IS
2023-12-22,13200273.246011734,IS
2023-12-27,13200273.246011734,IS
2023-12-28,13200273.246011734,IS
2023-12-29,13200273.246011734,IS
2024-01-02,13200273.246011734,IS
2024-01-03,13200273.246011734,IS
2024-01-04,13200273.246011734,IS
2024-01-05,13200273.246011734,IS
2024-01-08,13200273.246011734,IS
2024-01-09,13200273.246011734,IS
2024-01-10,13200273.246011734,IS
2024-01-11,13200273.246011734,IS
2024-01-12,13200273.246011734,IS
2024-01-15,13200273.246011734,IS
2024-01-16,13200273.246011734,IS
2024-01-17,13200273.246011734,IS
2024-01-18,13200273.246011734,IS
2024-01-19,13200273.246011734,IS
2024-01-22,13200273.246011734,IS
2024-01-23,13200273.246011734,IS
2024-01-24,13169465.914471231,IS
2024-01-25,13135787.691814981,IS
2024-01-26,12933719.820721231,IS
2024-01-29,13203142.672283731,IS
2024-01-30,13293675.436788296,IS
2024-01-31,13293675.436788296,IS
2024-02-01,13293675.436788296,IS
2024-02-02,13293675.436788296,IS
2024-02-05,13293675.436788296,IS
2024-02-06,13293675.436788296,IS
2024-02-07,13293675.436788296,IS
2024-02-12,13293675.436788296,IS
2024-02-13,13293675.436788296,IS
2024-02-15,13293675.436788296,IS
2024-02-16,13293675.436788296,IS
2024-02-19,13293675.436788296,IS
2024-02-20,13293675.436788296,IS
2024-02-21,13293675.436788296,IS
2024-02-22,13293675.436788296,IS
2024-02-23,13293675.436788296,IS
2024-02-26,13293675.436788296,IS
2024-02-27,13293675.436788296,IS
2024-02-28,13293675.436788296,IS
2024-02-29,13293675.436788296,IS
2024-03-01,13293675.436788296,IS
2024-03-04,13293675.436788296,IS
2024-03-05,13293675.436788296,IS
2024-03-06,13293675.436788296,IS
2024-03-07,13293675.436788296,IS
2024-03-08,13293675.436788296,IS
2024-03-13,13293675.436788296,IS
2024-03-14,13293675.436788296,IS
2024-03-15,13293675.436788296,IS
2024-03-18,13293675.436788296,IS
2024-03-19,13293675.436788296,IS
2024-03-20,13293675.436788296,IS
2024-03-21,13293675.436788296,IS
2024-03-22,13293675.436788296,IS
2024-03-25,13293675.436788296,IS
2024-03-26,13293675.436788296,IS
2024-03-27,13293675.436788296,IS
2024-03-28,13293675.436788296,IS
2024-04-01,13293675.436788296,IS
2024-04-02,13293675.436788296,IS
2024-04-03,13262158.188412737,IS
2024-04-04,13710061.997006487,IS
2024-04-05,13675607.407162737,IS
2024-04-16,13193250.473568987,IS
2024-04-17,13262158.188412737,IS
2024-04-18,13193250.473568987,IS
2024-04-19,13193250.473568987,IS
2024-04-22,13020980.454037737,IS
2024-04-23,13492242.487940937,IS
2024-04-24,13492242.487940937,IS
2024-04-25,13492242.487940937,IS
2024-04-26,13492242.487940937,IS
2024-04-29,13492242.487940937,IS
2024-04-30,13492242.487940937,IS
2024-05-02,13492242.487940937,IS
2024-05-03,13492242.487940937,IS
2024-05-06,13492242.487940937,IS
2024-05-07,13492242.487940937,IS
2024-05-08,13461221.57149924,IS
2024-05-13,13667944.71603049,IS
2024-05-14,13702400.77071799,IS
2024-05-15,13633491.59103049,IS
2024-05-16,13771308.48556174,IS
2024-05-17,13932365.049890721,IS
2024-05-20,13932365.049890721,IS
2024-05-21,13932365.049890721,IS
2024-05-22,13932365.049890721,IS
2024-05-27,13932365.049890721,IS
2024-05-28,13932365.049890721,IS
2024-05-29,13900070.209074315,IS
2024-05-30,13679565.521574315,IS
2024-05-31,14047074.896574315,IS
2024-06-03,14083828.021574315,IS
2024-06-04,14147365.403194236,IS
2024-06-05,14147365.403194236,IS
2024-06-06,14147365.403194236,IS
2024-06-07,14147365.403194236,IS
2024-06-10,14147365.403194236,IS
2024-06-11,14147365.403194236,IS
2024-06-12,14147365.403194236,IS
2024-06-13,14147365.403194236,IS
2024-06-14,14147365.403194236,IS
2024-06-19,14115423.509530798,IS
2024-06-20,14619601.810082514,IS
2024-06-21,14619601.810082514,IS
2024-06-24,14619601.810082514,IS
2024-06-25,14619601.810082514,IS
2024-06-26,14619601.810082514,IS
2024-06-27,14619601.810082514,IS
2024-06-28,14619601.810082514,IS
2024-07-01,14619601.810082514,IS
2024-07-02,14619601.810082514,IS
2024-07-03,14619601.810082514,IS
2024-07-04,14619601.810082514,IS
2024-07-05,14619601.810082514,IS
2024-07-08,14619601.810082514,IS
2024-07-09,14619601.810082514,IS
2024-07-10,14619601.810082514,IS
2024-07-11,14619601.810082514,IS
2024-07-12,14619601.810082514,IS
2024-07-15,14619601.810082514,IS
2024-07-16,14619601.810082514,IS
2024-07-17,14585012.801517358,IS
2024-07-18,14975565.680867828,IS
2024-07-19,14975565.680867828,IS
2024-07-22,14975565.680867828,IS
2024-07-23,14975565.680867828,IS
2024-07-24,14975565.680867828,IS
2024-07-25,14975565.680867828,IS
2024-07-26,14975565.680867828,IS
2024-07-29,14975565.680867828,IS
2024-07-30,14975565.680867828,IS
2024-07-31,14975565.680867828,IS
2024-08-01,14975565.680867828,IS
2024-08-02,14975565.680867828,IS
2024-08-05,14940711.956310717,IS
2024-08-06,15124466.643810717,IS
2024-08-07,15271469.768810717,IS
2024-08-08,15404141.89335775,IS
2024-08-09,15404141.89335775,IS
2024-08-12,15404141.89335775,IS
2024-08-13,15404141.89335775,IS
2024-08-14,15404141.89335775,IS
2024-08-15,15404141.89335775,IS
2024-08-16,15404141.89335775,IS
2024-08-19,15404141.89335775,IS
2024-08-20,15404141.89335775,IS
2024-08-21,15404141.89335775,IS
2024-08-22,15404141.89335775,IS
2024-08-23,15404141.89335775,IS
2024-08-26,15404141.89335775,IS
2024-08-27,15404141.89335775,IS
2024-08-28,15404141.89335775,IS
2024-08-29,15404141.89335775,IS
2024-08-30,15404141.89335775,IS
2024-09-02,15404141.89335775,IS
2024-09-03,15368229.32359025,IS
2024-09-04,15500525.190189548,IS
2024-09-05,15500525.190189548,IS
2024-09-06,15500525.190189548,IS
2024-09-09,15500525.190189548,IS
2024-09-10,15500525.190189548,IS
2024-09-11,15500525.190189548,IS
2024-09-12,15500525.190189548,IS
2024-09-13,15500525.190189548,IS
2024-09-17,15500525.190189548,IS
2024-09-18,15500525.190189548,IS
2024-09-19,15500525.190189548,IS
2024-09-20,15500525.190189548,IS
2024-09-23,15500525.190189548,IS
2024-09-24,15500525.190189548,IS
2024-09-25,15500525.190189548,IS
2024-09-26,15500525.190189548,IS
2024-09-27,15500525.190189548,IS
2024-09-30,15464083.192189626,IS
2024-10-01,15794841.004689626,IS
2024-10-02,15721339.442189626,IS
2024-10-03,15647836.317189626,IS
2024-10-04,15684587.879689626,IS
2024-10-07,15427330.067189626,IS
2024-10-08,15574334.754689626,IS
2024-10-09,15611084.754689626,IS
2024-10-10,15668881.415727517,IS
2024-10-11,15668881.415727517,IS
2024-10-14,15668881.415727517,IS
2024-10-15,15668881.415727517,IS
2024-10-16,15668881.415727517,IS
2024-10-17,15668881.415727517,IS
2024-10-18,15668881.415727517,IS
2024-10-21,15668881.415727517,IS
2024-10-22,15668881.415727517,IS
2024-10-23,15668881.415727517,IS
2024-11-06,10000000.0,OOS
2024-11-07,9977554.643895315,OOS
2024-11-08,9885677.690770315,OOS
2024-11-11,9862708.940770315,OOS
2024-11-12,9954584.917332815,OOS
2024-11-13,9954584.917332815,OOS
2024-11-14,9908646.440770315,OOS
2024-11-15,9977554.643895315,OOS
2024-11-18,9816769.487645315,OOS
2024-11-19,9747861.284520315,OOS
2024-11-20,9885677.690770315,OOS
2024-11-21,9724089.800145315,OOS
2024-11-22,9724089.800145315,OOS
2024-11-25,9992250.70886548,OOS
2024-11-26,9992250.70886548,OOS
2024-11-28,9992250.70886548,OOS
2024-11-29,9992250.70886548,OOS
2024-12-02,9968474.089995496,OOS
2024-12-03,10390326.702716786,OOS
2024-12-04,10390326.702716786,OOS
2024-12-05,10390326.702716786,OOS
2024-12-06,10390326.702716786,OOS
2024-12-09,10390326.702716786,OOS
2024-12-10,10390326.702716786,OOS
2024-12-11,10390326.702716786,OOS
2024-12-12,10390326.702716786,OOS
2024-12-13,10390326.702716786,OOS
2024-12-16,10390326.702716786,OOS
2024-12-17,10366184.28879772,OOS
2024-12-18,10264613.68332897,OOS
2024-12-19,10137652.84348522,OOS
2024-12-20,10112260.46067272,OOS
2024-12-23,10239221.30051647,OOS
2024-12-24,10213829.99192272,OOS
2024-12-27,10264613.68332897,OOS
2024-12-30,10137652.84348522,OOS
2025-01-02,10332010.648853261,OOS
2025-01-03,10332010.648853261,OOS
2025-01-06,10332010.648853261,OOS
2025-01-07,10308782.722556898,OOS
2025-01-08,10461137.019431898,OOS
2025-01-09,10604881.583172193,OOS
2025-01-10,10604881.583172193,OOS
2025-01-13,10604881.583172193,OOS
2025-01-14,10604881.583172193,OOS
2025-01-15,10604881.583172193,OOS
2025-01-16,10604881.583172193,OOS
2025-01-17,10604881.583172193,OOS
2025-01-20,10604881.583172193,OOS
2025-01-21,10604881.583172193,OOS
2025-01-22,10604881.583172193,OOS
2025-01-23,10604881.583172193,OOS
2025-01-24,10580007.58454772,OOS
2025-01-30,10358401.33454772,OOS
2025-01-31,10690811.88142272,OOS
2025-02-03,10580007.58454772,OOS
2025-02-04,10386103.28767272,OOS
2025-02-05,10330701.72517272,OOS
2025-02-06,10136797.42829772,OOS
2025-02-07,10544798.384845436,OOS
2025-02-10,10544798.384845436,OOS
2025-02-11,10544798.384845436,OOS
2025-02-12,10544798.384845436,OOS
2025-02-13,10544798.384845436,OOS
2025-02-14,10544798.384845436,OOS
2025-02-17,10544798.384845436,OOS
2025-02-18,10544798.384845436,OOS
2025-02-19,10544798.384845436,OOS
2025-02-20,10544798.384845436,OOS
2025-02-21,10544798.384845436,OOS
2025-02-24,10544798.384845436,OOS
2025-02-25,10544798.384845436,OOS
2025-02-26,10544798.384845436,OOS
2025-02-27,10520229.21472513,OOS
2025-02-28,10400193.76550638,OOS
2025-03-03,10850330.19128763,OOS
2025-03-04,10874244.36370022,OOS
2025-03-05,10874244.36370022,OOS
2025-03-06,10874244.36370022,OOS
2025-03-07,10874244.36370022,OOS
2025-03-10,10874244.36370022,OOS
2025-03-11,10874244.36370022,OOS
2025-03-12,10874244.36370022,OOS
2025-03-13,10874244.36370022,OOS
2025-03-14,10849026.738720177,OOS
2025-03-17,10668972.295360802,OOS
2025-03-18,10308862.773876427,OOS
2025-03-19,10338871.318798302,OOS
2025-03-20,10398890.312938927,OOS
2025-03-21,10120497.344188927,OOS
2025-03-24,10182362.871532677,OOS
2025-03-25,10306092.656688927,OOS
2025-03-26,10857961.021096492,OOS
2025-03-27,10857961.021096492,OOS
2025-04-08,10857961.021096492,OOS
2025-04-09,10857961.021096492,OOS
2025-04-10,10857961.021096492,OOS
2025-04-11,10857961.021096492,OOS
2025-04-14,10857961.021096492,OOS
2025-04-15,10857961.021096492,OOS
2025-04-16,10857961.021096492,OOS
2025-04-17,10857961.021096492,OOS
2025-04-21,10857961.021096492,OOS
2025-04-22,10857961.021096492,OOS
2025-04-23,10857961.021096492,OOS
2025-04-24,10857961.021096492,OOS
2025-04-25,10857961.021096492,OOS
2025-04-28,10857961.021096492,OOS
2025-04-29,10857961.021096492,OOS
2025-04-30,10857961.021096492,OOS
2025-05-02,10857961.021096492,OOS
2025-05-05,10857961.021096492,OOS
2025-05-06,10857961.021096492,OOS
2025-05-07,10857961.021096492,OOS
2025-05-08,10857961.021096492,OOS
2025-05-09,10857961.021096492,OOS
2025-05-14,10857961.021096492,OOS
2025-05-15,10857961.021096492,OOS
2025-05-16,10857961.021096492,OOS
2025-05-19,10857961.021096492,OOS
2025-05-20,10857961.021096492,OOS
2025-05-21,10857961.021096492,OOS
2025-05-22,10857961.021096492,OOS
2025-05-23,10857961.021096492,OOS
2025-05-26,10857961.021096492,OOS
2025-05-27,10857961.021096492,OOS
2025-05-28,10857961.021096492,OOS
2025-06-02,10833007.214331297,OOS
2025-06-03,10775902.917456297,OOS
2025-06-04,10690242.370581297,OOS
2025-06-05,10633136.901831297,OOS
2025-06-10,10833007.214331297,OOS
2025-06-11,10775902.917456297,OOS
2025-06-12,10861561.120581297,OOS
2025-06-13,10747349.011206297,OOS
2025-06-16,10633136.901831297,OOS
2025-06-17,10769230.517443212,OOS
2025-06-18,10769230.517443212,OOS
2025-06-19,10745167.917057626,OOS
2025-06-20,10659508.542057626,OOS
2025-06-23,10573850.338932626,OOS
2025-06-24,10745167.917057626,OOS
2025-06-25,10545297.018620126,OOS
2025-06-26,10602403.073307626,OOS
2025-06-30,10630955.807682626,OOS
2025-07-01,10659508.542057626,OOS
2025-07-02,10630955.807682626,OOS
2025-07-03,10545297.018620126,OOS
2025-07-04,10602403.073307626,OOS
2025-07-07,10573850.338932626,OOS
2025-07-08,10431084.323307626,OOS
2025-07-09,10431084.323307626,OOS
2025-07-10,10545297.018620126,OOS
2025-07-11,10540371.906575302,OOS
2025-07-14,10540371.906575302,OOS
2025-07-15,10540371.906575302,OOS
2025-07-16,10540371.906575302,OOS
2025-07-17,10540371.906575302,OOS
2025-07-18,10515343.829563726,OOS
2025-07-21,10546276.5932356,OOS
2025-07-22,10484411.06589185,OOS
2025-07-23,10515343.829563726,OOS
2025-07-24,10572397.545124644,OOS
2025-07-25,10572397.545124644,OOS
2025-07-28,10572397.545124644,OOS
2025-07-29,10572397.545124644,OOS
2025-07-30,10572397.545124644,OOS
2025-07-31,10547815.073178614,OOS
2025-08-01,10578747.202084864,OOS
2025-08-04,10547815.073178614,OOS
2025-08-05,10697983.087680865,OOS
2025-08-06,10697983.087680865,OOS
2025-08-07,10697983.087680865,OOS
2025-08-08,10697983.087680865,OOS
2025-08-11,10697983.087680865,OOS
2025-08-12,10697983.087680865,OOS
2025-08-13,10697983.087680865,OOS
2025-08-14,10697983.087680865,OOS
2025-08-15,10697983.087680865,OOS
2025-08-19,10697983.087680865,OOS
2025-08-20,10697983.087680865,OOS
2025-08-21,10697983.087680865,OOS
2025-08-22,10697983.087680865,OOS
2025-08-25,10697983.087680865,OOS
2025-08-26,10673474.883753775,OOS
2025-08-27,10735339.7763319,OOS
2025-08-28,10766272.540003775,OOS
2025-08-29,10456948.07711315,OOS
2025-09-01,10364150.42086315,OOS
2025-09-02,10364150.42086315,OOS
2025-09-03,10333218.2919569,OOS
2025-09-04,10364150.42086315,OOS
2025-09-08,9992961.0653944,OOS
2025-09-09,9776434.258753775,OOS
2025-09-10,10116690.85055065,OOS
2025-09-11,10178556.3778944,OOS
2025-09-12,10238028.612845022,OOS
2025-09-15,10238028.612845022,OOS
2025-09-16,10238028.612845022,OOS
2025-09-17,10238028.612845022,OOS
2025-09-18,10238028.612845022,OOS
2025-09-19,10238028.612845022,OOS
2025-09-22,10238028.612845022,OOS
2025-09-23,10238028.612845022,OOS
2025-09-24,10238028.612845022,OOS
2025-09-25,10238028.612845022,OOS
2025-09-26,10238028.612845022,OOS
2025-09-29,10238028.612845022,OOS
2025-09-30,10238028.612845022,OOS
2025-10-01,10214034.566147033,OOS
2025-10-02,10214034.566147033,OOS
2025-10-03,10247346.773178283,OOS
2025-10-06,10214034.566147033,OOS
2025-10-07,10313969.820053283,OOS
2025-10-08,10047474.898178283,OOS
2025-10-09,10280658.980209533,OOS
2025-10-10,10080787.105209533,OOS
2025-10-13,9980851.851303283,OOS
2025-10-14,9880915.913803283,OOS
2025-10-15,9880915.913803283,OOS
2025-10-16,9947539.644272033,OOS
2025-10-17,10180070.940329982,OOS
2025-10-20,10180070.940329982,OOS
2025-10-21,10180070.940329982,OOS
2025-10-22,10180070.940329982,OOS
2025-10-23,10180070.940329982,OOS
2025-10-24,10180070.940329982,OOS
2025-10-27,10180070.940329982,OOS
2025-10-28,10180070.940329982,OOS
2025-10-29,10180070.940329982,OOS
2025-10-30,10180070.940329982,OOS
2025-10-31,10180070.940329982,OOS
2025-11-03,10180070.940329982,OOS
2025-11-04,10180070.940329982,OOS
2025-11-05,10180070.940329982,OOS
2025-11-06,10180070.940329982,OOS
2025-11-07,10180070.940329982,OOS
2025-11-10,10180070.940329982,OOS
2025-11-11,10157036.655106008,OOS
2025-11-12,10271248.178543508,OOS
2025-11-13,10128483.920731008,OOS
2025-11-14,10185589.975418508,OOS
2025-11-17,10323623.784905843,OOS
2025-11-18,10323623.784905843,OOS
2025-11-19,10323623.784905843,OOS
2025-11-20,10323623.784905843,OOS
2025-11-21,10323623.784905843,OOS
2025-11-24,10323623.784905843,OOS
2025-11-25,10323623.784905843,OOS
2025-11-26,10323623.784905843,OOS
2025-11-27,10300795.163558275,OOS
2025-11-28,10243689.108870775,OOS
2025-12-01,10386454.538558275,OOS
2025-12-02,10357901.804183275,OOS
2025-12-03,10334907.858870775,OOS
2025-12-04,10248683.054183275,OOS
2025-12-05,10334907.858870775,OOS
2025-12-08,10334907.858870775,OOS
2025-12-09,10104973.679183275,OOS
2025-12-10,10076232.272933275,OOS
2025-12-11,9990006.882308275,OOS
2025-12-12,9990006.882308275,OOS
2025-12-15,10302477.961497085,OOS
2025-12-16,10302477.961497085,OOS
2025-12-17,10302477.961497085,OOS
2025-12-18,10302477.961497085,OOS
2025-12-19,10302477.961497085,OOS
2025-12-22,10302477.961497085,OOS
2025-12-23,10302477.961497085,OOS
2025-12-24,10302477.961497085,OOS
2025-12-29,10302477.961497085,OOS
2025-12-30,10302477.961497085,OOS
2026-01-02,10302477.961497085,OOS
2026-01-05,10302477.961497085,OOS
2026-01-06,10302477.961497085,OOS
2026-01-07,10302477.961497085,OOS
2026-01-08,10302477.961497085,OOS
2026-01-09,10302477.961497085,OOS
2026-01-12,10302477.961497085,OOS
2026-01-13,10302477.961497085,OOS
2026-01-14,10302477.961497085,OOS
2026-01-15,10302477.961497085,OOS
2026-01-19,10302477.961497085,OOS
2026-01-20,10302477.961497085,OOS
2026-01-21,10279452.423445102,OOS
2026-01-22,10217178.107038852,OOS
2026-01-23,10217178.107038852,OOS
2026-01-26,10217178.107038852,OOS
2026-01-27,10030356.427351352,OOS
2026-01-28,9438754.864851352,OOS
2026-01-29,9656713.702741977,OOS
2026-01-30,9905809.064070102,OOS
2026-02-02,10122735.008296216,OOS
2026-02-03,10122735.008296216,OOS
2026-02-04,10122735.008296216,OOS
2026-02-05,10122735.008296216,OOS
2026-02-06,10122735.008296216,OOS
2026-02-09,10122735.008296216,OOS
2026-02-10,10122735.008296216,OOS
2026-02-11,10122735.008296216,OOS
2026-02-12,10122735.008296216,OOS
2026-02-13,10099548.452197203,OOS
2026-02-18,10200144.741259703,OOS
2026-02-19,10066016.127978453,OOS
2026-02-20,10133080.092822203,OOS
2026-02-23,10233676.381884703,OOS
2026-02-24,10133080.092822203,OOS
2026-02-25,10233818.283247434,OOS
2026-02-26,10233818.283247434,OOS
2026-02-27,10233818.283247434,OOS
2026-03-02,10209579.36180665,OOS
2026-03-03,10281433.609853525,OOS
2026-03-04,9994015.88524415,OOS
2026-03-05,10317361.1000879,OOS
2026-03-06,10173651.871572275,OOS
2026-03-09,9994015.88524415,OOS
2026-03-10,10137725.113759775,OOS
2026-03-11,9922161.637197275,OOS
2026-03-12,10029943.375478525,OOS
2026-03-13,9994015.88524415,OOS
2026-03-16,9814379.898916025,OOS
2026-03-17,9850306.656728525,OOS
2026-03-25,9996243.63080638,OOS
2026-03-26,9996243.63080638,OOS
2026-03-27,9973126.083731381,OOS
2026-03-30,10019626.083731381,OOS
2026-03-31,10019626.083731381,OOS
2026-04-01,10094626.083731381,OOS
2026-04-02,10173607.884356381,OOS
2026-04-06,10173607.884356381,OOS
2026-04-07,10173607.884356381,OOS
2026-04-08,10173607.884356381,OOS
2026-04-09,10173607.884356381,OOS
2026-04-10,10173607.884356381,OOS
2026-04-13,10173607.884356381,OOS
2026-04-14,10173607.884356381,OOS
2026-04-15,10173607.884356381,OOS
2026-04-16,10173607.884356381,OOS
2026-04-17,10173607.884356381,OOS
2026-04-20,10173607.884356381,OOS
2026-04-21,10173607.884356381,OOS
2026-04-22,10173607.884356381,OOS
2026-04-23,10173607.884356381,OOS
2026-04-24,10150366.68835638,OOS
2026-04-27,10030366.68835638,OOS
2026-04-28,10070366.68835638,OOS
2026-04-29,10030366.68835638,OOS
2026-04-30,9830366.68835638,OOS
2026-05-04,9910366.68835638,OOS
2026-05-05,9990366.68835638,OOS
2026-05-06,9990366.68835638,OOS
2026-05-07,10396517.130356383,OOS
2026-05-08,10396517.130356383,OOS
2026-05-11,10396517.130356383,OOS
2026-05-12,10396517.130356383,OOS
2026-05-13,10396517.130356383,OOS
2026-05-14,10396517.130356383,OOS
2026-05-15,10396517.130356383,OOS
2026-05-18,10396517.130356383,OOS
2026-05-19,10372231.521106383,OOS
2026-05-20,10414731.521106383,OOS
2026-05-21,10372231.521106383,OOS
2026-05-22,10287231.521106383,OOS
2026-05-25,10591988.557606384,OOS
2026-05-26,10591988.557606384,OOS
2026-05-27,10591988.557606384,OOS
2026-05-28,10591988.557606384,OOS
2026-05-29,10567354.810606387,OOS
2026-06-02,10792354.810606387,OOS
2026-06-03,10252354.810606387,OOS
2026-06-04,10072354.810606387,OOS
2026-06-05,9442354.810606387,OOS
2026-06-08,9037354.810606387,OOS
2026-06-09,9577354.810606387,OOS
2026-06-10,10442791.557106387,OOS
2026-06-11,10442791.557106387,OOS
2026-06-12,10442791.557106387,OOS
2026-06-15,10442791.557106387,OOS
2026-06-17,10442791.557106387,OOS
2026-06-18,10442791.557106387,OOS
2026-06-19,10442791.557106387,OOS
2026-06-22,10442791.557106387,OOS
2026-06-23,10442791.557106387,OOS
2026-06-24,10442791.557106387,OOS
2026-06-25,10442791.557106387,OOS
2026-06-26,10442791.557106387,OOS
2026-06-29,10442791.557106387,OOS
2026-06-30,10418806.066606387,OOS
