Date,Equity,BuyHold,phase
2021-10-26,10000000.0,10000000.0,IS
2021-10-27,10000000.0,9756100.25393439,IS
2021-10-28,10000000.0,9756100.25393439,IS
2021-10-29,10000000.0,9796750.211611992,IS
2021-11-01,10000000.0,9796750.211611992,IS
2021-11-02,10000000.0,9593497.517663194,IS
2021-11-03,10000000.0,9715448.552920315,IS
2021-11-04,10000000.0,9715448.552920315,IS
2021-11-05,10000000.0,9634148.056452954,IS
2021-11-08,10000000.0,9634148.056452954,IS
2021-11-09,10000000.0,9512196.440083675,IS
2021-11-10,10000000.0,10040652.282126235,IS
2021-11-11,10000000.0,10040652.282126235,IS
2021-11-12,10000000.0,10000000.0,IS
2021-11-15,10000000.0,9959351.204546714,IS
2021-11-16,10000000.0,10040652.282126235,IS
2021-11-17,10000000.0,10162603.317383355,IS
2021-11-18,10000000.0,10081303.402028153,IS
2021-11-19,10000000.0,10121952.197481437,IS
2021-11-22,10000000.0,10081303.402028153,IS
2021-11-23,10000000.0,10162603.317383355,IS
2021-11-24,10000000.0,10121952.197481437,IS
2021-11-25,10000000.0,10121952.197481437,IS
2021-11-26,9976775.230343273,9593497.517663194,IS
2021-11-29,10099738.902218273,9715448.552920315,IS
2021-11-30,9771834.800655773,9390244.823714396,IS
2021-12-01,9566896.128780773,9186993.873102073,IS
2021-12-02,9862202.94611219,9512196.440083675,IS
2021-12-03,9862202.94611219,9349594.284924638,IS
2021-12-06,9862202.94611219,9186993.873102073,IS
2021-12-07,9862202.94611219,9634148.056452954,IS
2021-12-08,9862202.94611219,9430896.524728473,IS
2021-12-09,9862202.94611219,9756100.25393439,IS
2021-12-10,9862202.94611219,9634148.056452954,IS
2021-12-13,9862202.94611219,9593497.517663194,IS
2021-12-14,9862202.94611219,9552847.559985593,IS
2021-12-15,9862202.94611219,9756100.25393439,IS
2021-12-16,9862202.94611219,9430896.524728473,IS
2021-12-17,9862202.94611219,9430896.524728473,IS
2021-12-20,9862202.94611219,9227644.411891833,IS
2021-12-21,9862202.94611219,9186993.873102073,IS
2021-12-22,9862202.94611219,9146342.753200155,IS
2021-12-23,9862202.94611219,9308946.070583511,IS
2021-12-24,9862202.94611219,9227644.411891833,IS
2021-12-27,9862202.94611219,9227644.411891833,IS
2021-12-28,9862202.94611219,9308946.070583511,IS
2021-12-29,9862202.94611219,9349594.284924638,IS
2021-12-30,9862202.94611219,9268292.045120802,IS
2022-01-03,9862202.94611219,9308946.070583511,IS
2022-01-04,9862202.94611219,9390244.823714396,IS
2022-01-05,9862202.94611219,9065041.675620636,IS
2022-01-06,9862202.94611219,9227644.411891833,IS
2022-01-07,9862202.94611219,9268292.045120802,IS
2022-01-10,9862202.94611219,9186993.873102073,IS
2022-01-11,9862202.94611219,9268292.045120802,IS
2022-01-12,9862202.94611219,9308946.070583511,IS
2022-01-13,9862202.94611219,9390244.823714396,IS
2022-01-14,9862202.94611219,9308946.070583511,IS
2022-01-17,9862202.94611219,9227644.411891833,IS
2022-01-18,9862202.94611219,9186993.873102073,IS
2022-01-19,9862202.94611219,9105692.795522554,IS
2022-01-20,9838641.945565168,8983740.01692896,IS
2022-01-21,9938051.116846535,9105692.795522554,IS
2022-01-24,9938051.116846535,8983740.01692896,IS
2022-01-25,9938051.116846535,8861789.562783998,IS
2022-01-26,9938051.116846535,8861789.562783998,IS
2022-01-27,9938051.116846535,8902440.101573756,IS
2022-01-28,9938051.116846535,8902440.101573756,IS
2022-01-31,9938051.116846535,8902440.101573756,IS
2022-02-02,9938051.116846535,8943090.640363516,IS
2022-02-03,9938051.116846535,8943090.640363516,IS
2022-02-04,9938051.116846535,8943090.640363516,IS
2022-02-07,9938051.116846535,8902440.101573756,IS
2022-02-08,9938051.116846535,9024391.717943035,IS
2022-02-09,9938051.116846535,9024391.717943035,IS
2022-02-10,9938051.116846535,8861789.562783998,IS
2022-02-11,9938051.116846535,8861789.562783998,IS
2022-02-14,9938051.116846535,8617886.911157597,IS
2022-02-15,9938051.116846535,8943090.640363516,IS
2022-02-16,9938051.116846535,8902440.101573756,IS
2022-02-17,9938051.116846535,8902440.101573756,IS
2022-02-18,9938051.116846535,9105692.795522554,IS
2022-02-21,9938051.116846535,9065041.675620636,IS
2022-02-22,9938051.116846535,9065041.675620636,IS
2022-02-23,9938051.116846535,9186993.873102073,IS
2022-02-24,9938051.116846535,9268292.045120802,IS
2022-02-25,9938051.116846535,9430896.524728473,IS
2022-03-01,9938051.116846535,9268292.045120802,IS
2022-03-02,9938051.116846535,8983740.01692896,IS
2022-03-04,9938051.116846535,9146342.753200155,IS
2022-03-07,9938051.116846535,9430896.524728473,IS
2022-03-08,9938051.116846535,10162603.317383355,IS
2022-03-09,9938051.116846535,10243902.070514241,IS
2022-03-10,9938051.116846535,10162603.317383355,IS
2022-03-11,9938051.116846535,10203253.275060955,IS
2022-03-14,9938051.116846535,10365854.267995678,IS
2022-03-15,9938051.116846535,10243902.070514241,IS
2022-03-16,9938051.116846535,10406505.387897596,IS
2022-03-17,9938051.116846535,10447155.345575197,IS
2022-03-18,9938051.116846535,10406505.387897596,IS
2022-03-21,9938051.116846535,10731708.535991356,IS
2022-03-22,9938051.116846535,10691057.416089438,IS
2022-03-23,9938051.116846535,10528457.585379032,IS
2022-03-24,9938051.116846535,10691057.416089438,IS
2022-03-25,9938051.116846535,10406505.387897596,IS
2022-03-28,9938051.116846535,10894311.85337471,IS
2022-03-29,9938051.116846535,10650407.458411837,IS
2022-03-30,9938051.116846535,10813009.613570875,IS
2022-03-31,9938051.116846535,10691057.416089438,IS
2022-04-01,9938051.116846535,10894311.85337471,IS
2022-04-04,9938051.116846535,11097562.803987034,IS
2022-04-05,9938051.116846535,11219512.677019838,IS
2022-04-06,9938051.116846535,11382115.994403193,IS
2022-04-07,9938051.116846535,11219512.677019838,IS
2022-04-08,9938051.116846535,11382115.994403193,IS
2022-04-11,9938051.116846535,11138213.923888952,IS
2022-04-12,9938051.116846535,11300814.916823674,IS
2022-04-13,9938051.116846535,11341464.874501275,IS
2022-04-14,9938051.116846535,11178863.881566552,IS
2022-04-18,9938051.116846535,11382115.994403193,IS
2022-04-19,9938051.116846535,11219512.677019838,IS
2022-04-20,9938051.116846535,11219512.677019838,IS
2022-04-21,9938051.116846535,11382115.994403193,IS
2022-04-22,9938051.116846535,11463417.071982712,IS
2022-04-25,9938051.116846535,11504067.029660314,IS
2022-04-26,9938051.116846535,11707320.30472127,IS
2022-04-27,9938051.116846535,11585365.7827912,IS
2022-04-28,9938051.116846535,12317074.318782557,IS
2022-05-09,9938051.116846535,11764716.752568603,IS
2022-05-10,9938051.116846535,11681279.506696213,IS
2022-05-11,9938051.116846535,11514405.014951434,IS
2022-05-12,9938051.116846535,11430966.60685473,IS
2022-05-13,9938051.116846535,11889873.202489344,IS
2022-05-17,9938051.116846535,11681279.506696213,IS
2022-05-18,9938051.116846535,11848155.160665307,IS
2022-05-19,9938051.116846535,11681279.506696213,IS
2022-05-20,9938051.116846535,11889873.202489344,IS
2022-05-23,9938051.116846535,11597843.42304814,IS
2022-05-24,9938051.116846535,11931593.568762014,IS
2022-05-25,9938051.116846535,11848155.160665307,IS
2022-05-27,9938051.116846535,12056750.018682756,IS
2022-05-30,9938051.116846535,12098469.22273111,IS
2022-05-31,9938051.116846535,12265342.552251572,IS
2022-06-02,9938051.116846535,12223623.34820322,IS
2022-06-03,9938051.116846535,12181905.306379182,IS
2022-06-06,9938051.116846535,12056750.018682756,IS
2022-06-07,9938051.116846535,12015029.652410088,IS
2022-06-08,9938051.116846535,11973311.61058605,IS
2022-06-09,9938051.116846535,12015029.652410088,IS
2022-06-10,9914737.730563773,11556123.056775471,IS
2022-06-13,10054954.527438773,11722997.54852025,IS
2022-06-14,9984847.105563773,11639561.464872178,IS
2022-06-15,9599248.472751273,11180653.707013246,IS
2022-06-16,9809574.644626273,11430966.60685473,IS
2022-06-17,9916674.106695317,11597843.42304814,IS
2022-06-20,9916674.106695317,11556123.056775471,IS
2022-06-21,9916674.106695317,11430966.60685473,IS
2022-06-22,9916674.106695317,11347528.198758023,IS
2022-06-23,9916674.106695317,11472684.648678767,IS
2022-06-24,9916674.106695317,11138933.340740576,IS
2022-06-27,9916674.106695317,11097216.461140856,IS
2022-06-28,9916674.106695317,11180653.707013246,IS
2022-06-29,9916674.106695317,10846903.561299372,IS
2022-06-30,9916674.106695317,11055496.094868187,IS
2022-07-01,9916674.106695317,10888619.278674776,IS
2022-07-04,9916674.106695317,10846903.561299372,IS
2022-07-05,9916674.106695317,10554870.29518522,IS
2022-07-06,9893154.519487714,10137681.74137464,IS
2022-07-07,9691591.18940959,9929086.883357191,IS
2022-07-08,9731905.203081464,9970807.24962986,IS
2022-07-11,9819687.72610129,10095963.699550603,IS
2022-07-12,9819687.72610129,10179400.945422992,IS
2022-07-13,9819687.72610129,9720493.18756406,IS
2022-07-14,9819687.72610129,10179400.945422992,IS
2022-07-15,9819687.72610129,9929086.883357191,IS
2022-07-18,9819687.72610129,10054243.333277935,IS
2022-07-19,9819687.72610129,10137681.74137464,IS
2022-07-20,9819687.72610129,10471431.887088513,IS
2022-07-21,9819687.72610129,10304558.55756805,IS
2022-07-22,9819687.72610129,10137681.74137464,IS
2022-07-25,9819687.72610129,10137681.74137464,IS
2022-07-26,9819687.72610129,10179400.945422992,IS
2022-07-27,9819687.72610129,10179400.945422992,IS
2022-07-28,9819687.72610129,10095963.699550603,IS
2022-07-29,9819687.72610129,10554870.29518522,IS
2022-08-01,9819687.72610129,10805185.519475335,IS
2022-08-02,9819687.72610129,10805185.519475335,IS
2022-08-03,9819687.72610129,11013778.05304415,IS
2022-08-04,9819687.72610129,11013778.05304415,IS
2022-08-05,9819687.72610129,11055496.094868187,IS
2022-08-08,9819687.72610129,11180653.707013246,IS
2022-08-09,9819687.72610129,11264090.952885635,IS
2022-08-10,9819687.72610129,11430966.60685473,IS
2022-08-11,9819687.72610129,11597843.42304814,IS
2022-08-12,9819687.72610129,11597843.42304814,IS
2022-08-15,9819687.72610129,11472684.648678767,IS
2022-08-16,9819687.72610129,11639561.464872178,IS
2022-08-18,9819687.72610129,11639561.464872178,IS
2022-08-19,9819687.72610129,11639561.464872178,IS
2022-08-22,9819687.72610129,11556123.056775471,IS
2022-08-23,9819687.72610129,11639561.464872178,IS
2022-08-24,9819687.72610129,11764716.752568603,IS
2022-08-25,9819687.72610129,11639561.464872178,IS
2022-08-26,9819687.72610129,11472684.648678767,IS
2022-08-29,9819687.72610129,11389248.565030692,IS
2022-08-30,9819687.72610129,11514405.014951434,IS
2022-08-31,9819687.72610129,11639561.464872178,IS
2022-09-01,9819687.72610129,11556123.056775471,IS
2022-09-02,9819687.72610129,11556123.056775471,IS
2022-09-05,9819687.72610129,11472684.648678767,IS
2022-09-06,9819687.72610129,11514405.014951434,IS
2022-09-07,9819687.72610129,11097216.461140856,IS
2022-09-08,9819687.72610129,11097216.461140856,IS
2022-09-09,9819687.72610129,11305810.156933986,IS
2022-09-12,9819687.72610129,11639561.464872178,IS
2022-09-13,9819687.72610129,12015029.652410088,IS
2022-09-14,9819687.72610129,11931593.568762014,IS
2022-09-15,9819687.72610129,11764716.752568603,IS
2022-09-16,9819687.72610129,11514405.014951434,IS
2022-09-19,9819687.72610129,11889873.202489344,IS
2022-09-20,9819687.72610129,11973311.61058605,IS
2022-09-21,9819687.72610129,11931593.568762014,IS
2022-09-22,9819687.72610129,11973311.61058605,IS
2022-09-23,9819687.72610129,11931593.568762014,IS
2022-09-26,9819687.72610129,11639561.464872178,IS
2022-09-27,9819687.72610129,11597843.42304814,IS
2022-09-28,9796795.160233615,11347528.198758023,IS
2022-09-29,9761741.449296115,11305810.156933986,IS
2022-09-30,9551414.300858615,11055496.094868187,IS
2022-10-03,9551414.300858615,11055496.094868187,IS
2022-10-04,9659584.99902009,11222371.748837281,IS
2022-10-05,9659584.99902009,11138933.340740576,IS
2022-10-06,9659584.99902009,11013778.05304415,IS
2022-10-07,9659584.99902009,10805185.519475335,IS
2022-10-10,9659584.99902009,10846903.561299372,IS
2022-10-11,9659584.99902009,10888619.278674776,IS
2022-10-12,9659584.99902009,10741454.949105615,IS
2022-10-13,9659584.99902009,10741454.949105615,IS
2022-10-14,9659584.99902009,10741454.949105615,IS
2022-10-17,9659584.99902009,10868321.030995244,IS
2022-10-18,9659584.99902009,10741454.949105615,IS
2022-10-19,9659584.99902009,11037479.293521028,IS
2022-10-20,9659584.99902009,10868321.030995244,IS
2022-10-21,9659584.99902009,11122056.681447448,IS
2022-10-24,9659584.99902009,11248925.087785708,IS
2022-10-25,9659584.99902009,11333503.637936441,IS
2022-10-26,9659584.99902009,11122056.681447448,IS
2022-10-27,9659584.99902009,11248925.087785708,IS
2022-10-28,9659584.99902009,11079769.149708554,IS
2022-10-31,9659584.99902009,11248925.087785708,IS
2022-11-01,9659584.99902009,11122056.681447448,IS
2022-11-02,9659584.99902009,10868321.030995244,IS
2022-11-03,9659584.99902009,10783742.480844509,IS
2022-11-04,9659584.99902009,10868321.030995244,IS
2022-11-07,9659584.99902009,10995190.59955782,IS
2022-11-08,9659584.99902009,11037479.293521028,IS
2022-11-09,9659584.99902009,11079769.149708554,IS
2022-11-10,9659584.99902009,11037479.293521028,IS
2022-11-11,9659584.99902009,10910610.88718277,IS
2022-11-14,9659584.99902009,10656877.561179196,IS
2022-11-15,9659584.99902009,10530009.154840939,IS
2022-11-16,9659584.99902009,10445429.442465888,IS
2022-11-17,9659584.99902009,10656877.561179196,IS
2022-11-18,9659584.99902009,10530009.154840939,IS
2022-11-21,9659584.99902009,10699163.930693775,IS
2022-11-22,9659584.99902009,10530009.154840939,IS
2022-11-23,9659584.99902009,10487718.136429096,IS
2022-11-24,9659584.99902009,10487718.136429096,IS
2022-11-25,9659584.99902009,10445429.442465888,IS
2022-11-28,9659584.99902009,10530009.154840939,IS
2022-11-29,9659584.99902009,10233983.648201209,IS
2022-11-30,9659584.99902009,10233983.648201209,IS
2022-12-01,9659584.99902009,10445429.442465888,IS
2022-12-02,9659584.99902009,10360850.892315153,IS
2022-12-05,9659584.99902009,10191696.116462315,IS
2022-12-06,9659584.99902009,9937960.46601011,IS
2022-12-07,9659584.99902009,9684225.396670064,IS
2022-12-08,9659584.99902009,9599646.84651933,IS
2022-12-09,9659584.99902009,9599646.84651933,IS
2022-12-12,9659584.99902009,9599646.84651933,IS
2022-12-13,9659584.99902009,9853383.078083692,IS
2022-12-14,9659584.99902009,9853383.078083692,IS
2022-12-15,9659584.99902009,9811093.221896166,IS
2022-12-16,9659584.99902009,9768802.203484325,IS
2022-12-19,9659584.99902009,9641936.121594697,IS
2022-12-20,9659584.99902009,9641936.121594697,IS
2022-12-21,9659584.99902009,9641936.121594697,IS
2022-12-22,9659584.99902009,9768802.203484325,IS
2022-12-23,9659584.99902009,9599646.84651933,IS
2022-12-26,9659584.99902009,9557357.571443964,IS
2022-12-27,9659584.99902009,9599646.84651933,IS
2022-12-28,9659584.99902009,9515068.296368595,IS
2022-12-29,9659584.99902009,9557357.571443964,IS
2022-12-30,9659584.99902009,9641936.121594697,IS
2023-01-02,9659584.99902009,9641936.121594697,IS
2023-01-03,9659584.99902009,9557357.571443964,IS
2023-01-04,9659584.99902009,9599646.84651933,IS
2023-01-05,9659584.99902009,9092176.707839238,IS
2023-01-06,9659584.99902009,9219043.370841024,IS
2023-01-09,9659584.99902009,9049886.851651713,IS
2023-01-10,9659584.99902009,9007597.576576345,IS
2023-01-11,9659584.99902009,8838441.638499191,IS
2023-01-12,9659584.99902009,9049886.851651713,IS
2023-01-13,9659584.99902009,9219043.370841024,IS
2023-01-16,9659584.99902009,9472777.277956754,IS
2023-01-17,9659584.99902009,9388199.890030336,IS
2023-01-18,9659584.99902009,9557357.571443964,IS
2023-01-19,9659584.99902009,9895670.609822586,IS
2023-01-20,9659584.99902009,9980250.322197637,IS
2023-01-24,9659584.99902009,10022537.853936529,IS
2023-01-25,9659584.99902009,10064828.87234837,IS
2023-01-26,9659584.99902009,9980250.322197637,IS
2023-01-27,9659584.99902009,9937960.46601011,IS
2023-01-30,9659584.99902009,9937960.46601011,IS
2023-01-31,9659584.99902009,10149406.260274788,IS
2023-02-01,9659584.99902009,10149406.260274788,IS
2023-02-02,9659584.99902009,10022537.853936529,IS
2023-02-03,9659584.99902009,9937960.46601011,IS
2023-02-06,9659584.99902009,9895670.609822586,IS
2023-02-07,9659584.99902009,9937960.46601011,IS
2023-02-08,9659584.99902009,9811093.221896166,IS
2023-02-09,9659584.99902009,9599646.84651933,IS
2023-02-10,9659584.99902009,9641936.121594697,IS
2023-02-13,9659584.99902009,9684225.396670064,IS
2023-02-14,9659584.99902009,9684225.396670064,IS
2023-02-15,9659584.99902009,9599646.84651933,IS
2023-02-16,9659584.99902009,9641936.121594697,IS
2023-02-17,9659584.99902009,9599646.84651933,IS
2023-02-20,9659584.99902009,9472777.277956754,IS
2023-02-21,9659584.99902009,9430489.74621786,IS
2023-02-22,9659584.99902009,9515068.296368595,IS
2023-02-23,9659584.99902009,9557357.571443964,IS
2023-02-24,9659584.99902009,9726514.671745433,IS
2023-02-27,9659584.99902009,9811093.221896166,IS
2023-02-28,9659584.99902009,10318563.360576259,IS
2023-03-01,9659584.99902009,10403141.910726994,IS
2023-03-02,9659584.99902009,10403141.910726994,IS
2023-03-03,9659584.99902009,10233983.648201209,IS
2023-03-06,9659584.99902009,10276274.66661305,IS
2023-03-07,9659584.99902009,10064828.87234837,IS
2023-03-08,9659584.99902009,10022537.853936529,IS
2023-03-09,9659584.99902009,10191696.116462315,IS
2023-03-10,9659584.99902009,10107116.404087264,IS
2023-03-13,9659584.99902009,10022537.853936529,IS
2023-03-14,9659584.99902009,9768802.203484325,IS
2023-03-15,9659584.99902009,9768802.203484325,IS
2023-03-16,9659584.99902009,9895670.609822586,IS
2023-03-17,9659584.99902009,9895670.609822586,IS
2023-03-20,9659584.99902009,9937960.46601011,IS
2023-03-21,9659584.99902009,9937960.46601011,IS
2023-03-24,9659584.99902009,10064828.87234837,IS
2023-03-27,9659584.99902009,9937960.46601011,IS
2023-03-28,9659584.99902009,9895670.609822586,IS
2023-03-29,9659584.99902009,10064828.87234837,IS
2023-03-30,9659584.99902009,9980250.322197637,IS
2023-03-31,9659584.99902009,10149406.260274788,IS
2023-04-03,9659584.99902009,10149406.260274788,IS
2023-04-04,9659584.99902009,10191696.116462315,IS
2023-04-05,9659584.99902009,10149406.260274788,IS
2023-04-06,9659584.99902009,10022537.853936529,IS
2023-04-10,9659584.99902009,10107116.404087264,IS
2023-04-11,9659584.99902009,10276274.66661305,IS
2023-04-12,9659584.99902009,10572296.686579831,IS
2023-04-13,9659584.99902009,10572296.686579831,IS
2023-04-14,9659584.99902009,10487718.136429096,IS
2023-04-17,9659584.99902009,10530009.154840939,IS
2023-04-18,9659584.99902009,10868321.030995244,IS
2023-04-26,9659584.99902009,11333503.637936441,IS
2023-04-27,9659584.99902009,11333503.637936441,IS
2023-04-28,9659584.99902009,11418082.188087177,IS
2023-05-02,9659584.99902009,11291214.943973234,IS
2023-05-03,9659584.99902009,11206636.393822499,IS
2023-05-04,9659584.99902009,11164346.537634972,IS
2023-05-05,9659584.99902009,11352635.012402676,IS
2023-05-08,9659584.99902009,11306484.247037288,IS
2023-05-09,9659584.99902009,11675675.261044297,IS
2023-05-10,9659584.99902009,11675675.261044297,IS
2023-05-11,9659584.99902009,11537228.776069708,IS
2023-05-12,9659584.99902009,11491080.33515295,IS
2023-05-15,9659584.99902009,11721824.864185372,IS
2023-05-16,9659584.99902009,11583378.379210783,IS
2023-05-17,9659584.99902009,11675675.261044297,IS
2023-05-19,9659584.99902009,11952569.393217793,IS
2023-05-22,9659584.99902009,12183313.922250215,IS
2023-05-23,9659584.99902009,12183313.922250215,IS
2023-05-24,9659584.99902009,12321762.731673436,IS
2023-05-25,9659584.99902009,12183313.922250215,IS
2023-05-26,9659584.99902009,12183313.922250215,IS
2023-05-29,9659584.99902009,12183313.922250215,IS
2023-05-30,9659584.99902009,11998718.996358868,IS
2023-05-31,9636765.92379345,11906420.952301035,IS
2023-06-05,10155157.263393851,12598655.701622616,IS
2023-06-06,10155157.263393851,12552506.098481541,IS
2023-06-07,10155157.263393851,12552506.098481541,IS
2023-06-08,10155157.263393851,12506356.49534047,IS
2023-06-09,10155157.263393851,12552506.098481541,IS
2023-06-12,10155157.263393851,12506356.49534047,IS
2023-06-13,10155157.263393851,12460208.054423712,IS
2023-06-14,10155157.263393851,12737101.02437289,IS
2023-06-15,10155157.263393851,12690953.74568045,IS
2023-06-16,10155157.263393851,12644802.980315058,IS
2023-06-19,10155157.263393851,12690953.74568045,IS
2023-06-20,10155157.263393851,12552506.098481541,IS
2023-06-21,10155157.263393851,12783249.465289649,IS
2023-06-22,10155157.263393851,12506356.49534047,IS
2023-06-23,10155157.263393851,12506356.49534047,IS
2023-06-26,10155157.263393851,12552506.098481541,IS
2023-06-27,10155157.263393851,12506356.49534047,IS
2023-07-03,10155157.263393851,12598655.701622616,IS
2023-07-04,10155157.263393851,12506356.49534047,IS
2023-07-05,10155157.263393851,12506356.49534047,IS
2023-07-06,10155157.263393851,12552506.098481541,IS
2023-07-07,10155157.263393851,12598655.701622616,IS
2023-07-10,10155157.263393851,12506356.49534047,IS
2023-07-11,10155157.263393851,12552506.098481541,IS
2023-07-12,10155157.263393851,12506356.49534047,IS
2023-07-13,10155157.263393851,12552506.098481541,IS
2023-07-14,10155157.263393851,12460208.054423712,IS
2023-07-17,10155157.263393851,12321762.731673436,IS
2023-07-18,10131895.958148029,12137165.481333457,IS
2023-07-20,10058220.860491779,12044868.59949994,IS
2023-07-21,9947706.358538654,11906420.952301035,IS
2023-07-24,10062257.174889829,12091017.040416699,IS
2023-07-25,10062257.174889829,11998718.996358868,IS
2023-07-26,10062257.174889829,12183313.922250215,IS
2023-07-27,10062257.174889829,12044868.59949994,IS
2023-07-28,10062257.174889829,12229463.525391288,IS
2023-07-31,10062257.174889829,12644802.980315058,IS
2023-08-01,10062257.174889829,12690953.74568045,IS
2023-08-02,10062257.174889829,12644802.980315058,IS
2023-08-03,10062257.174889829,12598655.701622616,IS
2023-08-04,10062257.174889829,12552506.098481541,IS
2023-08-07,10062257.174889829,12690953.74568045,IS
2023-08-08,10062257.174889829,12644802.980315058,IS
2023-08-09,10062257.174889829,12690953.74568045,IS
2023-08-10,10062257.174889829,12460208.054423712,IS
2023-08-11,10062257.174889829,12460208.054423712,IS
2023-08-14,10062257.174889829,12552506.098481541,IS
2023-08-15,10062257.174889829,12414059.613506954,IS
2023-08-16,10062257.174889829,12460208.054423712,IS
2023-08-18,10062257.174889829,12044868.59949994,IS
2023-08-21,10062257.174889829,11952569.393217793,IS
2023-08-22,10062257.174889829,12091017.040416699,IS
2023-08-23,10062257.174889829,12091017.040416699,IS
2023-08-24,10062257.174889829,11952569.393217793,IS
2023-08-25,10062257.174889829,11906420.952301035,IS
2023-08-28,10062257.174889829,11860270.186935646,IS
2023-08-29,10038423.300630847,11814121.746018888,IS
2023-08-30,10081977.513269909,11906420.952301035,IS
2023-08-31,10081977.513269909,11906420.952301035,IS
2023-09-01,10081977.513269909,12091017.040416699,IS
2023-09-04,10081977.513269909,12183313.922250215,IS
2023-09-05,10081977.513269909,12183313.922250215,IS
2023-09-06,10081977.513269909,12044868.59949994,IS
2023-09-07,10081977.513269909,11814121.746018888,IS
2023-09-08,10081977.513269909,11814121.746018888,IS
2023-09-11,10058236.739129724,11767973.30510213,IS
2023-09-12,9941907.637567224,11629527.982351856,IS
2023-09-13,9941907.637567224,11629527.982351856,IS
2023-09-14,9980683.028192224,11675675.261044297,IS
2023-09-15,9941907.637567224,11629527.982351856,IS
2023-09-18,9941907.637567224,11629527.982351856,IS
2023-09-19,9985987.0374099,11721824.864185372,IS
2023-09-20,9985987.0374099,11629527.982351856,IS
2023-09-21,9985987.0374099,11444930.732011877,IS
2023-09-22,9985987.0374099,11444930.732011877,IS
2023-09-25,9985987.0374099,11537228.776069708,IS
2023-09-26,9985987.0374099,11444930.732011877,IS
2023-09-27,9985987.0374099,11352635.012402676,IS
2023-09-29,9985987.0374099,11491080.33515295,IS
2023-10-02,9985987.0374099,11583378.379210783,IS
2023-10-03,9985987.0374099,11444930.732011877,IS
2023-10-04,9985987.0374099,11214187.365203772,IS
2023-10-05,9985987.0374099,11121889.321145939,IS
2023-10-06,9985987.0374099,11214187.365203772,IS
2023-10-09,9985987.0374099,11306484.247037288,IS
2023-10-10,9985987.0374099,11168037.762062697,IS
2023-10-11,9985987.0374099,11168037.762062697,IS
2023-10-12,9985987.0374099,11164286.10197054,IS
2023-10-13,9985987.0374099,11211193.475365669,IS
2023-10-16,9985987.0374099,10976650.797268448,IS
2023-10-17,9985987.0374099,10976650.797268448,IS
2023-10-18,9985987.0374099,10929743.42387332,IS
2023-10-19,9985987.0374099,10742108.119171228,IS
2023-10-20,9985987.0374099,10695198.421327468,IS
2023-10-23,9985987.0374099,10507561.95440106,IS
2023-10-24,9985987.0374099,10882832.563805243,IS
2023-10-25,9985987.0374099,10835925.190410117,IS
2023-10-26,9985987.0374099,10742108.119171228,IS
2023-10-27,9985987.0374099,10742108.119171228,IS
2023-10-30,9985987.0374099,10882832.563805243,IS
2023-10-31,9985987.0374099,10835925.190410117,IS
2023-11-01,9985987.0374099,10882832.563805243,IS
2023-11-02,9985987.0374099,10882832.563805243,IS
2023-11-03,9985987.0374099,11070467.868507337,IS
2023-11-06,9985987.0374099,11117376.40412678,IS
2023-11-07,9985987.0374099,10929743.42387332,IS
2023-11-08,9985987.0374099,10742108.119171228,IS
2023-11-09,9985987.0374099,10789016.654790672,IS
2023-11-10,9985987.0374099,10835925.190410117,IS
2023-11-13,9985987.0374099,10601381.35008858,IS
2023-11-14,9985987.0374099,10648289.885708023,IS
2023-11-15,9985987.0374099,10789016.654790672,IS
2023-11-16,9985987.0374099,10929743.42387332,IS
2023-11-17,9985987.0374099,10695198.421327468,IS
2023-11-20,9985987.0374099,10882832.563805243,IS
2023-11-21,9985987.0374099,10835925.190410117,IS
2023-11-22,9985987.0374099,10648289.885708023,IS
2023-11-23,9985987.0374099,10695198.421327468,IS
2023-11-24,9985987.0374099,10742108.119171228,IS
2023-11-27,9985987.0374099,10554471.65224482,IS
2023-11-28,9985987.0374099,10413744.88316217,IS
2023-11-29,9985987.0374099,10366835.18531841,IS
2023-11-30,9985987.0374099,10132291.344996873,IS
2023-12-01,9985987.0374099,10789016.654790672,IS
2023-12-04,9985987.0374099,10789016.654790672,IS
2023-12-05,9985987.0374099,10742108.119171228,IS
2023-12-06,9985987.0374099,10742108.119171228,IS
2023-12-07,9985987.0374099,10648289.885708023,IS
2023-12-08,9985987.0374099,10648289.885708023,IS
2023-12-11,9985987.0374099,10507561.95440106,IS
2023-12-12,9985987.0374099,10460653.418781614,IS
2023-12-13,9985987.0374099,10366835.18531841,IS
2023-12-14,9985987.0374099,10554471.65224482,IS
2023-12-15,9985987.0374099,10601381.35008858,IS
2023-12-18,9985987.0374099,10507561.95440106,IS
2023-12-19,9985987.0374099,10554471.65224482,IS
2023-12-20,9985987.0374099,10554471.65224482,IS
2023-12-21,9985987.0374099,10413744.88316217,IS
2023-12-22,9985987.0374099,10413744.88316217,IS
2023-12-27,9985987.0374099,10413744.88316217,IS
2023-12-28,9985987.0374099,10507561.95440106,IS
2023-12-29,9985987.0374099,10601381.35008858,IS
2024-01-02,9985987.0374099,10695198.421327468,IS
2024-01-03,9985987.0374099,10507561.95440106,IS
2024-01-04,9985987.0374099,10695198.421327468,IS
2024-01-05,9985987.0374099,10554471.65224482,IS
2024-01-08,9985987.0374099,10460653.418781614,IS
2024-01-09,9985987.0374099,10460653.418781614,IS
2024-01-10,9985987.0374099,10366835.18531841,IS
2024-01-11,9985987.0374099,10413744.88316217,IS
2024-01-12,9985987.0374099,10507561.95440106,IS
2024-01-15,9985987.0374099,10366835.18531841,IS
2024-01-16,9985987.0374099,10319926.649698967,IS
2024-01-17,9985987.0374099,10132291.344996873,IS
2024-01-18,9985987.0374099,10085383.971601747,IS
2024-01-19,9985987.0374099,10038474.273757987,IS
2024-01-22,9985987.0374099,9803931.595660765,IS
2024-01-23,9985987.0374099,9616296.290958673,IS
2024-01-24,9985987.0374099,9522478.05749547,IS
2024-01-25,9985987.0374099,9475570.684100341,IS
2024-01-26,9985987.0374099,9522478.05749547,IS
2024-01-29,9985987.0374099,9250408.899569988,IS
2024-01-30,9985987.0374099,9569388.917563546,IS
2024-01-31,9985987.0374099,9616296.290958673,IS
2024-02-01,9985987.0374099,9616296.290958673,IS
2024-02-02,9985987.0374099,9991565.738138543,IS
2024-02-05,9985987.0374099,9710113.943309719,IS
2024-02-06,9985987.0374099,9850841.293504527,IS
2024-02-07,9985987.0374099,9991565.738138543,IS
2024-02-12,9985987.0374099,9944657.202519098,IS
2024-02-13,9985987.0374099,9757023.060041321,IS
2024-02-15,9985987.0374099,9616296.290958673,IS
2024-02-16,9985987.0374099,9757023.060041321,IS
2024-02-19,9985987.0374099,9616296.290958673,IS
2024-02-20,9985987.0374099,9757023.060041321,IS
2024-02-21,9985987.0374099,9850841.293504527,IS
2024-02-22,9985987.0374099,9897748.666899653,IS
2024-02-23,9985987.0374099,9616296.290958673,IS
2024-02-26,9985987.0374099,9616296.290958673,IS
2024-02-27,9985987.0374099,9710113.943309719,IS
2024-02-28,9985987.0374099,9803931.595660765,IS
2024-02-29,9985987.0374099,9803931.595660765,IS
2024-03-01,9985987.0374099,9803931.595660765,IS
2024-03-04,9985987.0374099,9757023.060041321,IS
2024-03-05,9985987.0374099,9569388.917563546,IS
2024-03-06,9985987.0374099,9710113.943309719,IS
2024-03-07,9985987.0374099,9616296.290958673,IS
2024-03-08,9985987.0374099,9663205.407690275,IS
2024-03-13,9985987.0374099,9663205.407690275,IS
2024-03-14,9985987.0374099,9897748.666899653,IS
2024-03-15,9985987.0374099,9710113.943309719,IS
2024-03-18,9985987.0374099,9663205.407690275,IS
2024-03-19,9985987.0374099,9803931.595660765,IS
2024-03-20,9985987.0374099,9897748.666899653,IS
2024-03-21,9985987.0374099,10038474.273757987,IS
2024-03-22,9985987.0374099,10085383.971601747,IS
2024-03-25,9985987.0374099,10038474.273757987,IS
2024-03-26,9985987.0374099,9944657.202519098,IS
2024-03-27,9985987.0374099,9897748.666899653,IS
2024-03-28,9985987.0374099,9663205.407690275,IS
2024-04-01,9985987.0374099,9757023.060041321,IS
2024-04-02,9985987.0374099,9897748.666899653,IS
2024-04-03,9985987.0374099,9850841.293504527,IS
2024-04-04,9985987.0374099,9710113.943309719,IS
2024-04-05,9985987.0374099,9897748.666899653,IS
2024-04-16,9985987.0374099,9569388.917563546,IS
2024-04-17,9985987.0374099,9616296.290958673,IS
2024-04-18,9985987.0374099,9569388.917563546,IS
2024-04-19,9985987.0374099,9194118.30815936,IS
2024-04-22,9985987.0374099,9287935.37939825,IS
2024-04-23,9985987.0374099,9428661.567368738,IS
2024-04-24,9985987.0374099,9212880.095293095,IS
2024-04-25,9985987.0374099,9287935.37939825,IS
2024-04-26,9985987.0374099,9156590.084994627,IS
2024-04-29,9985987.0374099,9428661.567368738,IS
2024-04-30,9985987.0374099,9663205.407690275,IS
2024-05-02,9985987.0374099,9710113.943309719,IS
2024-05-03,9985987.0374099,9803931.595660765,IS
2024-05-06,9985987.0374099,9569388.917563546,IS
2024-05-07,9985987.0374099,9475570.684100341,IS
2024-05-08,9985987.0374099,9616296.290958673,IS
2024-05-13,9985987.0374099,9522478.05749547,IS
2024-05-14,9985987.0374099,9371068.703611996,IS
2024-05-15,9985987.0374099,9268763.908193111,IS
2024-05-16,9985987.0374099,9637060.009476777,IS
2024-05-17,9985987.0374099,9821208.06011861,IS
2024-05-20,9985987.0374099,9698441.724503791,IS
2024-05-21,9985987.0374099,9616598.469280843,IS
2024-05-22,9985987.0374099,9637060.009476777,IS
2024-05-27,9985987.0374099,9309685.826360665,IS
2024-05-28,9985987.0374099,9227843.152249875,IS
2024-05-29,9985987.0374099,9125538.356830992,IS
2024-05-30,9985987.0374099,8839086.091882432,IS
2024-05-31,9985987.0374099,8777704.376855418,IS
2024-06-03,9985987.0374099,9207381.03094178,IS
2024-06-04,9985987.0374099,9371068.703611996,IS
2024-06-05,9985987.0374099,9411989.459555233,IS
2024-06-06,9985987.0374099,9330146.785444442,IS
2024-06-07,9985987.0374099,9330146.785444442,IS
2024-06-10,9985987.0374099,9227843.152249875,IS
2024-06-11,9985987.0374099,8900468.969133763,IS
2024-06-12,9985987.0374099,8920929.92821754,IS
2024-06-13,9985987.0374099,9125538.356830992,IS
2024-06-14,9985987.0374099,9043693.939383727,IS
2024-06-19,9985987.0374099,9105077.397747215,IS
2024-06-20,9985987.0374099,9105077.397747215,IS
2024-06-21,9985987.0374099,9186921.23408232,IS
2024-06-24,9985987.0374099,9064155.479579661,IS
2024-06-25,9985987.0374099,9002772.60232833,IS
2024-06-26,9985987.0374099,9043693.939383727,IS
2024-06-27,9985987.0374099,9064155.479579661,IS
2024-06-28,9985987.0374099,9125538.356830992,IS
2024-07-01,9985987.0374099,9452911.958834944,IS
2024-07-02,9985987.0374099,9268763.908193111,IS
2024-07-03,9985987.0374099,9350606.582303904,IS
2024-07-04,9985987.0374099,9309685.826360665,IS
2024-07-05,9985987.0374099,9371068.703611996,IS
2024-07-08,9985987.0374099,9493833.29589034,IS
2024-07-09,9985987.0374099,9330146.785444442,IS
2024-07-10,9985987.0374099,9289226.029501205,IS
2024-07-11,9985987.0374099,9227843.152249875,IS
2024-07-12,9985987.0374099,9289226.029501205,IS
2024-07-15,9985987.0374099,9145998.153690452,IS
2024-07-16,9985987.0374099,8961851.846385093,IS
2024-07-17,9985987.0374099,9125538.356830992,IS
2024-07-18,9985987.0374099,9289226.029501205,IS
2024-07-19,9985987.0374099,9268763.908193111,IS
2024-07-22,9985987.0374099,9248302.949109334,IS
2024-07-23,9985987.0374099,9105077.397747215,IS
2024-07-24,9985987.0374099,9268763.908193111,IS
2024-07-25,9985987.0374099,9186921.23408232,IS
2024-07-26,9985987.0374099,9432451.580863325,IS
2024-07-29,9985987.0374099,9432451.580863325,IS
2024-07-30,9985987.0374099,9289226.029501205,IS
2024-07-31,9985987.0374099,9657520.387448397,IS
2024-08-01,9985987.0374099,9698441.724503791,IS
2024-08-02,9985987.0374099,9596136.929084908,IS
2024-08-05,9985987.0374099,9330146.785444442,IS
2024-08-06,9985987.0374099,9432451.580863325,IS
2024-08-07,9985987.0374099,9473372.336806564,IS
2024-08-08,9985987.0374099,9698441.724503791,IS
2024-08-09,9985987.0374099,9739364.223783502,IS
2024-08-12,9985987.0374099,9739364.223783502,IS
2024-08-13,9985987.0374099,9739364.223783502,IS
2024-08-14,9985987.0374099,10005354.367423968,IS
2024-08-15,9985987.0374099,10005354.367423968,IS
2024-08-16,9985987.0374099,10169040.877869867,IS
2024-08-19,9985987.0374099,10281576.733942797,IS
2024-08-20,9985987.0374099,10486184.00033193,IS
2024-08-21,9985987.0374099,10383880.367137363,IS
2024-08-22,9985987.0374099,10230424.917345513,IS
2024-08-23,9985987.0374099,10435033.345958963,IS
2024-08-26,9985987.0374099,10537336.97915353,IS
2024-08-27,9985987.0374099,10537336.97915353,IS
2024-08-28,9985987.0374099,10281576.733942797,IS
2024-08-29,9985987.0374099,10383880.367137363,IS
2024-08-30,9985987.0374099,10435033.345958963,IS
2024-09-02,9985987.0374099,10639641.774572415,IS
2024-09-03,9985987.0374099,10486184.00033193,IS
2024-09-04,9985987.0374099,10332728.55054008,IS
2024-09-05,9985987.0374099,10383880.367137363,IS
2024-09-06,9985987.0374099,10332728.55054008,IS
2024-09-09,9985987.0374099,10281576.733942797,IS
2024-09-10,9985987.0374099,10281576.733942797,IS
2024-09-11,9985987.0374099,10281576.733942797,IS
2024-09-12,9985987.0374099,10281576.733942797,IS
2024-09-13,9985987.0374099,10383880.367137363,IS
2024-09-17,9985987.0374099,10383880.367137363,IS
2024-09-18,9985987.0374099,10741945.407766981,IS
2024-09-19,9985987.0374099,10793097.224364266,IS
2024-09-20,9985987.0374099,10690793.591169698,IS
2024-09-23,9985987.0374099,10690793.591169698,IS
2024-09-24,9985987.0374099,10793097.224364266,IS
2024-09-25,9985987.0374099,10690793.591169698,IS
2024-09-26,9985987.0374099,10741945.407766981,IS
2024-09-27,9985987.0374099,10435033.345958963,IS
2024-09-30,9985987.0374099,10332728.55054008,IS
2024-10-01,9985987.0374099,10588488.795750814,IS
2024-10-02,9985987.0374099,10537336.97915353,IS
2024-10-03,9985987.0374099,10741945.407766981,IS
2024-10-04,9985987.0374099,10537336.97915353,IS
2024-10-07,9985987.0374099,10435033.345958963,IS
2024-10-08,9985987.0374099,10690793.591169698,IS
2024-10-09,9985987.0374099,10383880.367137363,IS
2024-10-10,9985987.0374099,10486184.00033193,IS
2024-10-11,9985987.0374099,10383880.367137363,IS
2024-10-14,9985987.0374099,10285822.33936927,IS
2024-10-15,9985987.0374099,10285822.33936927,IS
2024-10-16,9985987.0374099,10348411.605460642,IS
2024-10-17,9985987.0374099,10327548.516763516,IS
2024-10-18,9985987.0374099,10264956.926223513,IS
2024-10-21,9985987.0374099,10640505.307239227,IS
2024-10-22,9985987.0374099,11005619.238345591,IS
2024-10-23,9985987.0374099,11057778.703424877,IS
2025-09-03,10000000.0,9985987.0374099,OOS
2025-09-04,10000000.0,9985987.0374099,OOS
2025-09-08,10000000.0,9849814.973472774,OOS
2025-09-09,10000000.0,10031378.35692913,OOS
2025-09-10,10000000.0,9940596.665200952,OOS
2025-09-11,10000000.0,10076768.72913808,OOS
2025-09-12,10000000.0,10303724.37942395,OOS
2025-09-15,10000000.0,10212942.68769577,OOS
2025-09-16,10000000.0,10258333.059904717,OOS
2025-09-17,10000000.0,10349114.751632897,OOS
2025-09-18,10000000.0,10122160.04865731,OOS
2025-09-19,10000000.0,10394506.071152126,OOS
2025-09-22,10000000.0,10349114.751632897,OOS
2025-09-23,10000000.0,10712241.51854561,OOS
2025-09-24,10000000.0,10712241.51854561,OOS
2025-09-25,10000000.0,10485287.762880305,OOS
2025-09-26,10000000.0,10666851.146336662,OOS
2025-09-29,10000000.0,10485287.762880305,OOS
2025-09-30,10000000.0,10485287.762880305,OOS
2025-10-01,10000000.0,10303724.37942395,OOS
2025-10-02,10000000.0,10349114.751632897,OOS
2025-10-03,10000000.0,10576069.454608483,OOS
2025-10-06,10000000.0,10576069.454608483,OOS
2025-10-07,10000000.0,10439896.443361074,OOS
2025-10-08,10000000.0,10394506.071152126,OOS
2025-10-09,10000000.0,10757631.890754558,OOS
2025-10-10,10000000.0,10712241.51854561,OOS
2025-10-13,10000000.0,10530678.135089254,OOS
2025-10-14,10000000.0,10757839.35170653,OOS
2025-10-15,10000000.0,10665497.439942284,OOS
2025-10-16,10000000.0,10619326.48406016,OOS
2025-10-17,10000000.0,10388471.704649549,OOS
2025-10-20,10000000.0,10942523.17523502,OOS
2025-10-21,10000000.0,11081036.042881388,OOS
2025-10-22,10000000.0,11404232.734056246,OOS
2025-10-23,10000000.0,11681258.46934898,OOS
2025-10-24,10000000.0,12142968.975480488,OOS
2025-10-27,10000000.0,12189139.93136261,OOS
2025-10-28,10000000.0,11681258.46934898,OOS
2025-10-29,10000000.0,11958284.204641715,OOS
2025-10-30,10000000.0,11588916.557584735,OOS
2025-10-31,10000000.0,11358061.778174123,OOS
2025-11-03,10000000.0,11727429.425231103,OOS
2025-11-04,10000000.0,11635087.513466857,OOS
2025-11-05,10000000.0,11542745.601702612,OOS
2025-11-06,10000000.0,11681258.46934898,OOS
2025-11-07,10000000.0,11865942.29287747,OOS
2025-11-10,10000000.0,11865942.29287747,OOS
2025-11-11,10000000.0,12050627.063716244,OOS
2025-11-12,10000000.0,11912113.248759592,OOS
2025-11-13,10000000.0,11773600.381113224,OOS
2025-11-14,10000000.0,11819771.336995346,OOS
2025-11-17,10000000.0,11912113.248759592,OOS
2025-11-18,10000000.0,11865942.29287747,OOS
2025-11-19,10000000.0,11819771.336995346,OOS
2025-11-20,10000000.0,11865942.29287747,OOS
2025-11-21,10000000.0,11865942.29287747,OOS
2025-11-24,10000000.0,11958284.204641715,OOS
2025-11-25,10000000.0,11912113.248759592,OOS
2025-11-26,10000000.0,12189139.93136261,OOS
2025-11-27,10000000.0,12142968.975480488,OOS
2025-11-28,10000000.0,12096798.019598365,OOS
2025-12-01,10000000.0,11773600.381113224,OOS
2025-12-02,10000000.0,12235310.887244733,OOS
2025-12-03,10000000.0,12189139.93136261,OOS
2025-12-04,10000000.0,12419994.710773222,OOS
2025-12-05,10000000.0,12373823.754891101,OOS
2025-12-08,10000000.0,12419994.710773222,OOS
2025-12-09,10000000.0,12189139.93136261,OOS
2025-12-10,10000000.0,12235310.887244733,OOS
2025-12-11,10000000.0,11912113.248759592,OOS
2025-12-12,10000000.0,12189139.93136261,OOS
2025-12-15,10000000.0,12189139.93136261,OOS
2025-12-16,10000000.0,12189139.93136261,OOS
2025-12-17,10000000.0,12189139.93136261,OOS
2025-12-18,10000000.0,12004456.107834121,OOS
2025-12-19,10000000.0,12050627.063716244,OOS
2025-12-22,10000000.0,12142968.975480488,OOS
2025-12-23,10000000.0,12004456.107834121,OOS
2025-12-24,10000000.0,12235310.887244733,OOS
2025-12-29,10000000.0,12327652.799008979,OOS
2025-12-30,10000000.0,12373823.754891101,OOS
2026-01-02,10000000.0,12558507.57841959,OOS
2026-01-05,10000000.0,12697020.446065957,OOS
2026-01-06,10000000.0,12743191.40194808,OOS
2026-01-07,10000000.0,12974046.181358695,OOS
2026-01-08,10000000.0,12927875.225476572,OOS
2026-01-09,10000000.0,12697020.446065957,OOS
2026-01-12,10000000.0,12927875.225476572,OOS
2026-01-13,10000000.0,13481926.696062041,OOS
2026-01-14,10000000.0,13158730.004887184,OOS
2026-01-15,10000000.0,13020217.137240818,OOS
2026-01-19,10000000.0,13666611.466900816,OOS
2026-01-20,10000000.0,13435755.740179919,OOS
2026-01-21,10000000.0,12189139.93136261,OOS
2026-01-22,10000000.0,12512336.622537468,OOS
2026-01-23,10000000.0,12604678.534301713,OOS
2026-01-26,10000000.0,12697020.446065957,OOS
2026-01-27,10000000.0,11635087.513466857,OOS
2026-01-28,10000000.0,11404232.734056246,OOS
2026-01-29,10000000.0,11958284.204641715,OOS
2026-01-30,10000000.0,11727429.425231103,OOS
2026-02-02,10000000.0,11588916.557584735,OOS
2026-02-03,10000000.0,12558507.57841959,OOS
2026-02-04,10000000.0,12327652.799008979,OOS
2026-02-05,10000000.0,12835533.313712327,OOS
2026-02-06,10000000.0,12373823.754891101,OOS
2026-02-09,10000000.0,12281481.843126856,OOS
2026-02-10,10000000.0,12650849.490183836,OOS
2026-02-11,10000000.0,12466165.666655345,OOS
2026-02-12,10000000.0,12512336.622537468,OOS
2026-02-13,10000000.0,12281481.843126856,OOS
2026-02-18,10000000.0,12373823.754891101,OOS
2026-02-19,10000000.0,12189139.93136261,OOS
2026-02-20,10000000.0,12096798.019598365,OOS
2026-02-23,10000000.0,12235310.887244733,OOS
2026-02-24,10000000.0,12096798.019598365,OOS
2026-02-25,10000000.0,12281481.843126856,OOS
2026-02-26,10000000.0,12419994.710773222,OOS
2026-02-27,10000000.0,12327652.799008979,OOS
2026-03-02,10000000.0,11635087.513466857,OOS
2026-03-03,10000000.0,11588916.557584735,OOS
2026-03-04,9976104.613472357,11358061.778174123,OOS
2026-03-05,10224518.415294092,11681258.46934898,OOS
2026-03-06,10224518.415294092,11311890.822292,OOS
2026-03-09,10224518.415294092,10804010.307588654,OOS
2026-03-10,10224518.415294092,11081036.042881388,OOS
2026-03-11,10224518.415294092,10988694.131117143,OOS
2026-03-12,10224518.415294092,10988694.131117143,OOS
2026-03-13,10224518.415294092,10757839.35170653,OOS
2026-03-16,10224518.415294092,10804010.307588654,OOS
2026-03-17,10224518.415294092,10711668.395824406,OOS
2026-03-25,10224518.415294092,12189139.93136261,OOS
2026-03-26,10224518.415294092,11542745.601702612,OOS
2026-03-27,10224518.415294092,11311890.822292,OOS
2026-03-30,10224518.415294092,11727429.425231103,OOS
2026-03-31,10224518.415294092,11542745.601702612,OOS
2026-04-01,10224518.415294092,11542745.601702612,OOS
2026-04-02,10224518.415294092,11219548.910527755,OOS
2026-04-06,10224518.415294092,11265719.866409877,OOS
2026-04-07,10224518.415294092,10896352.219352897,OOS
2026-04-08,10224518.415294092,11450403.689938368,OOS
2026-04-09,10224518.415294092,11404232.734056246,OOS
2026-04-10,10224518.415294092,11635087.513466857,OOS
2026-04-13,10224518.415294092,11404232.734056246,OOS
2026-04-14,10224518.415294092,11358061.778174123,OOS
2026-04-15,10224518.415294092,11635087.513466857,OOS
2026-04-16,10224518.415294092,11450403.689938368,OOS
2026-04-17,10224518.415294092,11773600.381113224,OOS
2026-04-20,10224518.415294092,11727429.425231103,OOS
2026-04-21,10224518.415294092,11681258.46934898,OOS
2026-04-22,10224518.415294092,12189139.93136261,OOS
2026-04-23,10224518.415294092,11681258.46934898,OOS
2026-04-24,10224518.415294092,11681258.46934898,OOS
2026-04-27,10224518.415294092,11311890.822292,OOS
2026-04-28,10224518.415294092,11127206.998763511,OOS
2026-04-29,10224518.415294092,11173377.954645632,OOS
2026-04-30,10224518.415294092,11034865.086999265,OOS
2026-05-04,10224518.415294092,11219548.910527755,OOS
2026-05-05,10224518.415294092,11398037.324805561,OOS
2026-05-06,10224518.415294092,11155525.89236289,OOS
2026-05-07,10224518.415294092,11349535.038317027,OOS
2026-05-08,10224518.415294092,11301032.751828494,OOS
2026-05-11,10224518.415294092,11737553.330225302,OOS
2026-05-12,10224518.415294092,11349535.038317027,OOS
2026-05-13,10224518.415294092,11155525.89236289,OOS
2026-05-14,10224518.415294092,11155525.89236289,OOS
2026-05-15,10224518.415294092,11155525.89236289,OOS
2026-05-18,10224518.415294092,11640548.757248232,OOS
2026-05-19,10224518.415294092,11543544.184271164,OOS
2026-05-20,10224518.415294092,11592046.4707597,OOS
2026-05-21,10224518.415294092,10864512.173431685,OOS
2026-05-22,10224518.415294092,10476493.881523408,OOS
2026-05-25,10224518.415294092,10864512.173431685,OOS
2026-05-26,10224518.415294092,9942968.730149532,OOS
2026-05-27,10224518.415294092,9942968.730149532,OOS
2026-05-28,10224518.415294092,9942968.730149532,OOS
2026-05-29,10224518.415294092,9700457.297706861,OOS
2026-06-02,10224518.415294092,9506448.151752723,OOS
2026-06-03,10224518.415294092,9390042.664180242,OOS
2026-06-04,10224518.415294092,8982623.457676552,OOS
2026-06-05,10224518.415294092,8866217.97010407,OOS
2026-06-08,10224518.415294092,8458798.763600383,OOS
2026-06-09,10224518.415294092,9060227.116058208,OOS
2026-06-10,10224518.415294092,9118429.85984445,OOS
2026-06-11,10224518.415294092,9118429.85984445,OOS
2026-06-12,10224518.415294092,9196033.518226104,OOS
2026-06-15,10224518.415294092,9487047.23715731,OOS
2026-06-17,10224518.415294092,9312439.005798586,OOS
2026-06-18,10224518.415294092,9254236.262012346,OOS
2026-06-19,10224518.415294092,9331839.920394,OOS
2026-06-22,10224518.415294092,9176632.60363069,OOS
2026-06-23,10224518.415294092,9079628.030653622,OOS
2026-06-24,10224518.415294092,9002024.372271966,OOS
2026-06-25,10224518.415294092,9545249.980943551,OOS
2026-06-26,10224518.415294092,9234835.347416932,OOS
2026-06-29,10224518.415294092,9137830.774439864,OOS
2026-06-30,10224518.415294092,8769213.397127002,OOS
