,Close,Equity
2021-01-26,4235.56982421875,10000000.0
2021-01-27,4185.54345703125,10000000.0
2021-01-28,4185.54345703125,10000000.0
2021-01-29,4068.815673828125,10000000.0
2021-02-01,4018.788330078125,10000000.0
2021-02-02,3985.437255859375,10000000.0
2021-02-03,4102.16650390625,10000000.0
2021-02-04,4135.5166015625,10000000.0
2021-02-05,4068.815673828125,10000000.0
2021-02-08,4068.815673828125,10000000.0
2021-02-09,3885.384521484375,10000000.0
2021-02-10,3935.411376953125,10000000.0
2021-02-11,3902.060791015625,10000000.0
2021-02-15,3968.762451171875,10000000.0
2021-02-16,3952.087158203125,10000000.0
2021-02-17,3868.709716796875,10000000.0
2021-02-18,3818.682861328125,10000000.0
2021-02-19,3852.033935546875,10000000.0
2021-02-22,3802.007568359375,10000000.0
2021-02-23,3818.682861328125,10000000.0
2021-02-24,3751.981201171875,10000000.0
2021-02-25,3718.629638671875,10000000.0
2021-02-26,3601.901611328125,10000000.0
2021-03-01,3735.3056640625,10000000.0
2021-03-02,3718.629638671875,10000000.0
2021-03-03,3785.331298828125,10000000.0
2021-03-04,3718.629638671875,10000000.0
2021-03-05,3668.603515625,10000000.0
2021-03-08,3701.95458984375,10000000.0
2021-03-09,3685.279541015625,10000000.0
2021-03-10,3618.5771484375,10000000.0
2021-03-12,3651.928466796875,10000000.0
2021-03-15,3685.279541015625,10000000.0
2021-03-16,3701.95458984375,10000000.0
2021-03-17,3718.629638671875,10000000.0
2021-03-18,3818.682861328125,10000000.0
2021-03-19,3852.033935546875,10000000.0
2021-03-22,3718.629638671875,10000000.0
2021-03-23,3718.629638671875,10000000.0
2021-03-24,3635.252685546875,10000000.0
2021-03-25,3635.252685546875,10000000.0
2021-03-26,3735.3056640625,10000000.0
2021-03-29,3685.279541015625,10000000.0
2021-03-30,3601.901611328125,10000000.0
2021-03-31,3518.52490234375,10000000.0
2021-04-01,3568.55029296875,10000000.0
2021-04-05,3568.55029296875,10000000.0
2021-04-06,3568.55029296875,10000000.0
2021-04-07,3551.8759765625,10000000.0
2021-04-08,3535.2001953125,10000000.0
2021-04-09,3518.52490234375,10000000.0
2021-04-12,3385.120849609375,10000000.0
2021-04-13,3385.120849609375,10000000.0
2021-04-14,3501.849365234375,10000000.0
2021-04-15,3501.849365234375,10000000.0
2021-04-16,3501.849365234375,10000000.0
2021-04-19,3468.498291015625,10000000.0
2021-04-20,3535.2001953125,10000000.0
2021-04-21,3485.173828125,10000000.0
2021-04-22,3635.252685546875,10000000.0
2021-04-23,3751.981201171875,10000000.0
2021-04-26,3751.981201171875,10000000.0
2021-04-27,3685.279541015625,10000000.0
2021-04-28,3568.55029296875,10000000.0
2021-04-29,3618.5771484375,10000000.0
2021-04-30,3668.603515625,10000000.0
2021-05-03,3676.736328125,10000000.0
2021-05-04,3727.5673828125,10000000.0
2021-05-05,3744.51025390625,10000000.0
2021-05-06,3676.736328125,10000000.0
2021-05-07,3608.962158203125,10000000.0
2021-05-10,3642.85009765625,10000000.0
2021-05-11,3541.189208984375,10000000.0
2021-05-17,3507.302001953125,10000000.0
2021-05-18,3490.358154296875,10000000.0
2021-05-19,3422.58447265625,10000000.0
2021-05-20,3507.302001953125,10000000.0
2021-05-21,3422.58447265625,10000000.0
2021-05-24,3456.471923828125,10000000.0
2021-05-25,3439.528076171875,10000000.0
2021-05-27,3490.358154296875,10000000.0
2021-05-28,3490.358154296875,10000000.0
2021-05-31,3558.132080078125,10000000.0
2021-06-02,3608.962158203125,10000000.0
2021-06-03,3625.906005859375,10000000.0
2021-06-04,3541.189208984375,10000000.0
2021-06-07,3558.132080078125,10000000.0
2021-06-08,3575.075927734375,10000000.0
2021-06-09,3608.962158203125,10000000.0
2021-06-10,3659.792724609375,10000000.0
2021-06-11,3575.075927734375,10000000.0
2021-06-14,3507.302001953125,10000000.0
2021-06-15,3490.358154296875,10000000.0
2021-06-16,3490.358154296875,10000000.0
2021-06-17,3456.471923828125,10000000.0
2021-06-18,3388.697509765625,10000000.0
2021-06-21,3334.478515625,9976782.843042938
2021-06-22,3334.478515625,9976782.843042938
2021-06-23,3341.255615234375,9996436.431910126
2021-06-24,3348.032958984375,10016090.728785126
2021-06-25,3334.478515625,9976782.843042938
2021-06-28,3192.15283203125,9591414.929462478
2021-06-29,3280.259033203125,9591414.929462478
2021-06-30,3348.032958984375,9591414.929462478
2021-07-01,3405.640869140625,9591414.929462478
2021-07-02,3388.697509765625,9591414.929462478
2021-07-05,3348.032958984375,9591414.929462478
2021-07-06,3320.923583984375,9591414.929462478
2021-07-07,3320.923583984375,9591414.929462478
2021-07-08,3307.368408203125,9591414.929462478
2021-07-09,3327.7001953125,9591414.929462478
2021-07-12,3334.478515625,9591414.929462478
2021-07-13,3320.923583984375,9591414.929462478
2021-07-14,3205.70751953125,9591414.929462478
2021-07-15,3259.9267578125,9591414.929462478
2021-07-16,3307.368408203125,9591414.929462478
2021-07-19,3239.5947265625,9591414.929462478
2021-07-21,3300.591064453125,9591414.929462478
2021-07-22,3375.142333984375,9591414.929462478
2021-07-23,3354.810546875,9591414.929462478
2021-07-26,3232.817138671875,9591414.929462478
2021-07-27,3226.039794921875,9591414.929462478
2021-07-28,3192.15283203125,9591414.929462478
2021-07-29,3151.48876953125,9591414.929462478
2021-07-30,3198.930419921875,9591414.929462478
2021-08-02,3266.704345703125,9591414.929462478
2021-08-03,3348.032958984375,9591414.929462478
2021-08-04,3320.923583984375,9591414.929462478
2021-08-05,3314.1455078125,9591414.929462478
2021-08-06,3348.032958984375,9591414.929462478
2021-08-09,3293.81396484375,9591414.929462478
2021-08-10,3327.7001953125,9591414.929462478
2021-08-12,3348.032958984375,9591414.929462478
2021-08-13,3405.640869140625,9591414.929462478
2021-08-16,3439.528076171875,9591414.929462478
2021-08-18,3541.189208984375,9591414.929462478
2021-08-19,3490.358154296875,9591414.929462478
2021-08-20,3456.471923828125,9591414.929462478
2021-08-23,3456.471923828125,9591414.929462478
2021-08-24,3439.528076171875,9591414.929462478
2021-08-25,3490.358154296875,9591414.929462478
2021-08-26,3456.471923828125,9591414.929462478
2021-08-27,3422.58447265625,9591414.929462478
2021-08-30,3575.075927734375,9591414.929462478
2021-08-31,3541.189208984375,9591414.929462478
2021-09-01,3507.302001953125,9591414.929462478
2021-09-02,3558.132080078125,9591414.929462478
2021-09-03,3625.906005859375,9591414.929462478
2021-09-06,3676.736328125,9591414.929462478
2021-09-07,3625.906005859375,9591414.929462478
2021-09-08,3558.132080078125,9591414.929462478
2021-09-09,3693.679931640625,9591414.929462478
2021-09-10,3676.736328125,9591414.929462478
2021-09-13,3693.679931640625,9591414.929462478
2021-09-14,3744.51025390625,9591414.929462478
2021-09-15,3659.792724609375,9591414.929462478
2021-09-16,3642.85009765625,9591414.929462478
2021-09-17,3676.736328125,9591414.929462478
2021-09-20,3592.019287109375,9591414.929462478
2021-09-21,3541.189208984375,9591414.929462478
2021-09-22,3575.075927734375,9591414.929462478
2021-09-23,3490.358154296875,9591414.929462478
2021-09-24,3490.358154296875,9591414.929462478
2021-09-27,3507.302001953125,9591414.929462478
2021-09-28,3439.528076171875,9591414.929462478
2021-09-29,3608.962158203125,9591414.929462478
2021-09-30,3727.5673828125,9591414.929462478
2021-10-01,3693.679931640625,9591414.929462478
2021-10-04,3778.3974609375,9591414.929462478
2021-10-05,3761.4541015625,9591414.929462478
2021-10-06,4049.493408203125,9591414.929462478
2021-10-07,3863.115234375,9591414.929462478
2021-10-08,4030.48291015625,9591414.929462478
2021-10-11,3945.091064453125,9591414.929462478
2021-10-12,4013.404296875,9591414.929462478
2021-10-13,4286.6572265625,9591414.929462478
2021-10-14,4252.50048828125,9591414.929462478
2021-10-15,4269.580078125,9591414.929462478
2021-10-18,4252.50048828125,9591414.929462478
2021-10-19,4337.89208984375,9591414.929462478
2021-10-21,4201.26611328125,9591414.929462478
2021-10-22,4218.3447265625,9591414.929462478
2021-10-25,4132.95263671875,9591414.929462478
2021-10-26,4201.26611328125,9591414.929462478
2021-10-27,4098.7958984375,9591414.929462478
2021-10-28,4098.7958984375,9591414.929462478
2021-10-29,4115.8740234375,9591414.929462478
2021-11-01,4115.8740234375,9591414.929462478
2021-11-02,4030.48291015625,9591414.929462478
2021-11-03,4081.71728515625,9591414.929462478
2021-11-04,4081.71728515625,9591414.929462478
2021-11-05,4047.560791015625,9591414.929462478
2021-11-08,4047.560791015625,9591414.929462478
2021-11-09,3996.325439453125,9591414.929462478
2021-11-10,4218.3447265625,9591414.929462478
2021-11-11,4218.3447265625,9591414.929462478
2021-11-12,4201.26611328125,9591414.929462478
2021-11-15,4184.18701171875,9591414.929462478
2021-11-16,4218.3447265625,9591414.929462478
2021-11-17,4269.580078125,9591414.929462478
2021-11-18,4235.42236328125,9591414.929462478
2021-11-19,4252.50048828125,9591414.929462478
2021-11-22,4235.42236328125,9591414.929462478
2021-11-23,4269.580078125,9591414.929462478
2021-11-24,4252.50048828125,9591414.929462478
2021-11-25,4252.50048828125,9591414.929462478
2021-11-26,4030.48291015625,9591414.929462478
2021-11-29,4081.71728515625,9591414.929462478
2021-11-30,3945.091064453125,9591414.929462478
2021-12-01,3859.69921875,9591414.929462478
2021-12-02,3996.325439453125,9591414.929462478
2021-12-03,3928.012939453125,9591414.929462478
2021-12-06,3859.69921875,9591414.929462478
2021-12-07,4047.560791015625,9591414.929462478
2021-12-08,3962.16943359375,9591414.929462478
2021-12-09,4098.7958984375,9591414.929462478
2021-12-10,4047.560791015625,9591414.929462478
2021-12-13,4030.48291015625,9591414.929462478
2021-12-14,4013.404296875,9591414.929462478
2021-12-15,4098.7958984375,9591414.929462478
2021-12-16,3962.16943359375,9591414.929462478
2021-12-17,3962.16943359375,9591414.929462478
2021-12-20,3876.777587890625,9591414.929462478
2021-12-21,3859.69921875,9591414.929462478
2022-01-28,3740.1513671875,9591414.929462478
2022-01-31,3740.1513671875,9591414.929462478
2022-02-02,3757.229736328125,9591414.929462478
2022-02-03,3757.229736328125,9591414.929462478
2022-02-04,3757.229736328125,9591414.929462478
2022-02-07,3740.1513671875,9591414.929462478
2022-02-08,3791.38623046875,9591414.929462478
2022-02-09,3791.38623046875,9591414.929462478
2022-02-10,3723.07275390625,9591414.929462478
2022-02-11,3723.07275390625,9591414.929462478
2022-02-14,3620.6025390625,9591414.929462478
2022-02-15,3757.229736328125,9591414.929462478
2022-02-16,3740.1513671875,9591414.929462478
2022-02-17,3740.1513671875,9591414.929462478
2022-02-18,3825.542236328125,9591414.929462478
2022-02-21,3808.463623046875,9591414.929462478
2022-02-22,3808.463623046875,9591414.929462478
2022-02-23,3859.69921875,9591414.929462478
2022-02-24,3893.8564453125,9591414.929462478
2022-02-25,3962.16943359375,9591414.929462478
2022-03-01,3893.8564453125,9591414.929462478
2022-03-02,3774.3076171875,9591414.929462478
2022-03-04,3842.62109375,9591414.929462478
2022-03-07,3962.16943359375,9591414.929462478
2022-03-08,4269.580078125,9591414.929462478
2022-03-09,4303.73583984375,9591414.929462478
2022-03-10,4269.580078125,9591414.929462478
2022-03-11,4286.6572265625,9591414.929462478
2022-03-14,4354.970703125,9591414.929462478
2022-03-15,4303.73583984375,9591414.929462478
2022-03-16,4372.04931640625,9591414.929462478
2022-03-17,4389.12744140625,9591414.929462478
2022-03-18,4372.04931640625,9591414.929462478
2022-03-21,4508.6748046875,9591414.929462478
2022-03-22,4491.5966796875,9591414.929462478
2022-03-23,4423.28369140625,9591414.929462478
2022-03-24,4491.5966796875,9591414.929462478
2022-03-25,4372.04931640625,9591414.929462478
2022-03-28,4576.98876953125,9591414.929462478
2022-03-29,4474.51806640625,9591414.929462478
2022-03-30,4542.83203125,9591414.929462478
2022-03-31,4491.5966796875,9591414.929462478
2022-04-01,4576.98876953125,9591414.929462478
2022-04-04,4662.3798828125,9591414.929462478
2022-04-05,4713.615234375,9591414.929462478
2022-04-06,4781.9287109375,9591414.929462478
2022-04-07,4713.615234375,9591414.929462478
2022-04-08,4781.9287109375,9591414.929462478
2022-04-11,4679.45849609375,9591414.929462478
2022-04-12,4747.771484375,9591414.929462478
2022-04-13,4764.85009765625,9591414.929462478
2022-04-14,4696.537109375,9591414.929462478
2022-04-18,4781.9287109375,9591414.929462478
2022-04-19,4713.615234375,9591414.929462478
2022-04-20,4713.615234375,9591414.929462478
2022-04-21,4781.9287109375,9591414.929462478
2022-04-22,4816.0849609375,9591414.929462478
2022-04-25,4833.1630859375,9591414.929462478
2022-04-26,4918.55517578125,9591414.929462478
2022-04-27,4867.32080078125,9591414.929462478
2022-04-28,5174.7294921875,9591414.929462478
2022-05-09,4942.6689453125,9591414.929462478
2022-05-10,4907.615234375,9591414.929462478
2022-05-11,4837.50634765625,9591414.929462478
2022-05-12,4802.45166015625,9591414.929462478
2022-05-13,4995.2509765625,9591414.929462478
2022-05-17,4907.615234375,9591414.929462478
2022-05-18,4977.72314453125,9591414.929462478
2022-05-19,4907.615234375,9591414.929462478
2022-05-20,4995.2509765625,9591414.929462478
2022-05-23,4872.56005859375,9591414.929462478
2022-05-24,5012.7783203125,9591414.929462478
2022-05-25,4977.72314453125,9591414.929462478
2022-05-27,5065.3603515625,9591414.929462478
2022-05-30,5082.88720703125,9591414.929462478
2022-05-31,5152.99560546875,9591414.929462478
2022-06-02,5135.46875,9591414.929462478
2022-06-03,5117.94091796875,9591414.929462478
2022-06-06,5065.3603515625,9591414.929462478
2022-06-07,5047.83251953125,9591414.929462478
2022-06-08,5030.3056640625,9591414.929462478
2022-06-09,5047.83251953125,9591414.929462478
2022-06-10,4855.03369140625,9591414.929462478
2022-06-13,4925.142578125,9591414.929462478
2022-06-14,4890.08837890625,9591414.929462478
2022-06-15,4697.28857421875,9568698.904806135
2022-06-16,4802.45166015625,9780518.091228886
2022-06-17,4872.56005859375,9921730.226514256
2022-06-20,4855.03369140625,9886428.667934954
2022-06-21,4802.45166015625,9780518.091228886
2022-06-22,4767.3974609375,9709912.023586199
2022-06-23,4819.97900390625,9815821.616797574
2022-06-24,4679.76123046875,9533395.379237445
2022-06-27,4662.234375,9498092.83716345
2022-06-28,4697.28857421875,9568698.904806135
2022-06-29,4557.0712890625,9378307.272094205
2022-06-30,4644.70703125,9378307.272094205
2022-07-01,4574.59814453125,9378307.272094205
2022-07-04,4557.0712890625,9378307.272094205
2022-07-05,4434.38134765625,9378307.272094205
2022-07-06,4259.10888671875,9378307.272094205
2022-07-07,4171.47265625,9378307.272094205
2022-07-08,4189.00048828125,9378307.272094205
2022-07-11,4241.58203125,9378307.272094205
2022-07-12,4276.63623046875,9378307.272094205
2022-07-13,4083.8369140625,9378307.272094205
2022-07-14,4276.63623046875,9378307.272094205
2022-07-15,4171.47265625,9378307.272094205
2022-07-18,4224.05419921875,9378307.272094205
2022-07-19,4259.10888671875,9378307.272094205
2022-07-20,4399.32568359375,9378307.272094205
2022-07-21,4329.2177734375,9378307.272094205
2022-07-22,4259.10888671875,9378307.272094205
2022-07-25,4259.10888671875,9378307.272094205
2022-07-26,4276.63623046875,9378307.272094205
2022-07-27,4276.63623046875,9378307.272094205
2022-07-28,4241.58203125,9378307.272094205
2022-07-29,4434.38134765625,9378307.272094205
2022-08-01,4539.54443359375,9378307.272094205
2022-08-02,4539.54443359375,9378307.272094205
2022-08-03,4627.18017578125,9378307.272094205
2022-08-04,4627.18017578125,9378307.272094205
2022-08-05,4644.70703125,9378307.272094205
2022-08-08,4697.28857421875,9378307.272094205
2022-08-09,4732.34375,9378307.272094205
2022-08-10,4802.45166015625,9378307.272094205
2022-08-11,4872.56005859375,9378307.272094205
2022-08-12,4872.56005859375,9378307.272094205
2022-08-15,4819.97900390625,9378307.272094205
2022-08-16,4890.08837890625,9378307.272094205
2022-08-18,4890.08837890625,9378307.272094205
2022-08-19,4890.08837890625,9378307.272094205
2022-08-22,4855.03369140625,9378307.272094205
2022-08-23,4890.08837890625,9378307.272094205
2022-08-24,4942.6689453125,9378307.272094205
2022-08-25,4890.08837890625,9378307.272094205
2022-08-26,4819.97900390625,9378307.272094205
2022-08-29,4784.92431640625,9378307.272094205
2022-08-30,4837.50634765625,9378307.272094205
2022-08-31,4890.08837890625,9378307.272094205
2022-09-01,4855.03369140625,9378307.272094205
2022-09-02,4855.03369140625,9378307.272094205
2022-09-05,4819.97900390625,9378307.272094205
2022-09-06,4837.50634765625,9378307.272094205
2022-09-07,4662.234375,9378307.272094205
2022-09-08,4662.234375,9378307.272094205
2022-09-09,4749.87060546875,9378307.272094205
2022-09-12,4890.08837890625,9378307.272094205
2022-09-13,5047.83251953125,9378307.272094205
2022-09-14,5012.7783203125,9378307.272094205
2022-09-15,4942.6689453125,9378307.272094205
2022-09-16,4837.50634765625,9378307.272094205
2022-09-19,4995.2509765625,9378307.272094205
2022-09-20,5030.3056640625,9378307.272094205
2022-09-21,5012.7783203125,9378307.272094205
2022-09-22,5030.3056640625,9378307.272094205
2022-09-23,5012.7783203125,9378307.272094205
2022-09-26,4890.08837890625,9378307.272094205
2022-09-27,4872.56005859375,9378307.272094205
2022-09-28,4767.3974609375,9378307.272094205
2022-09-29,4749.87060546875,9378307.272094205
2022-09-30,4644.70703125,9378307.272094205
2022-10-03,4644.70703125,9378307.272094205
2022-10-04,4714.81640625,9378307.272094205
2022-10-05,4679.76123046875,9378307.272094205
2022-10-06,4627.18017578125,9378307.272094205
2022-10-07,4539.54443359375,9378307.272094205
2022-10-10,4557.0712890625,9378307.272094205
2022-10-11,4574.59814453125,9378307.272094205
2022-10-12,4512.76953125,9378307.272094205
2022-10-13,4512.76953125,9378307.272094205
2022-10-14,4512.76953125,9378307.272094205
2022-10-17,4566.06982421875,9378307.272094205
2022-10-18,4512.76953125,9378307.272094205
2022-10-19,4637.1376953125,9378307.272094205
2022-10-20,4566.06982421875,9378307.272094205
2022-10-21,4672.67138671875,9378307.272094205
2022-10-24,4725.9716796875,9378307.272094205
2022-10-25,4761.5048828125,9378307.272094205
2022-10-26,4672.67138671875,9378307.272094205
2022-10-27,4725.9716796875,9378307.272094205
2022-10-28,4654.90478515625,9378307.272094205
2022-10-31,4725.9716796875,9378307.272094205
2022-11-01,4672.67138671875,9378307.272094205
2022-11-02,4566.06982421875,9378307.272094205
2022-11-03,4530.5361328125,9378307.272094205
2022-11-04,4566.06982421875,9378307.272094205
2022-11-07,4619.37060546875,9378307.272094205
2022-11-08,4637.1376953125,9378307.272094205
2022-11-09,4654.90478515625,9378307.272094205
2022-11-10,4637.1376953125,9378307.272094205
2022-11-11,4583.8369140625,9378307.272094205
2022-11-14,4477.23583984375,9378307.272094205
2022-11-15,4423.935546875,9378307.272094205
2022-11-16,4388.40234375,9378307.272094205
2022-11-17,4477.23583984375,9378307.272094205
2022-11-18,4423.935546875,9378307.272094205
2022-11-21,4495.00341796875,9378307.272094205
2022-11-22,4423.935546875,9378307.272094205
2022-11-23,4406.16845703125,9378307.272094205
2022-11-24,4406.16845703125,9378307.272094205
2022-11-25,4388.40234375,9378307.272094205
2022-11-28,4423.935546875,9378307.272094205
2022-11-29,4299.568359375,9378307.272094205
2022-11-30,4299.568359375,9378307.272094205
2022-12-01,4388.40234375,9378307.272094205
2022-12-02,4352.8681640625,9378307.272094205
2022-12-05,4281.80078125,9378307.272094205
2022-12-06,4175.20068359375,9378307.272094205
2022-12-07,4068.59912109375,9378307.272094205
2022-12-08,4033.06591796875,9378307.272094205
2022-12-09,4033.06591796875,9378307.272094205
2022-12-12,4033.06591796875,9378307.272094205
2022-12-13,4139.66650390625,9378307.272094205
2022-12-14,4139.66650390625,9378307.272094205
2022-12-15,4121.900390625,9378307.272094205
2022-12-16,4104.13330078125,9378307.272094205
2022-12-19,4050.83251953125,9378307.272094205
2022-12-20,4050.83251953125,9378307.272094205
2022-12-21,4050.83251953125,9378307.272094205
2022-12-22,4104.13330078125,9378307.272094205
2022-12-23,4033.06591796875,9378307.272094205
2022-12-26,4015.29931640625,9378307.272094205
2022-12-27,4033.06591796875,9378307.272094205
2023-02-03,4175.20068359375,9378307.272094205
2023-02-06,4157.43359375,9378307.272094205
2023-02-07,4175.20068359375,9378307.272094205
2023-02-08,4121.900390625,9378307.272094205
2023-02-09,4033.06591796875,9378307.272094205
2023-02-10,4050.83251953125,9378307.272094205
2023-02-13,4068.59912109375,9378307.272094205
2023-02-14,4068.59912109375,9378307.272094205
2023-02-15,4033.06591796875,9378307.272094205
2023-02-16,4050.83251953125,9378307.272094205
2023-02-17,4033.06591796875,9378307.272094205
2023-02-20,3979.76513671875,9378307.272094205
2023-02-21,3961.99853515625,9378307.272094205
2023-02-22,3997.53271484375,9378307.272094205
2023-02-23,4015.29931640625,9378307.272094205
2023-02-24,4086.3662109375,9378307.272094205
2023-02-27,4121.900390625,9378307.272094205
2023-02-28,4335.1015625,9378307.272094205
2023-03-01,4370.634765625,9378307.272094205
2023-03-02,4370.634765625,9378307.272094205
2023-03-03,4299.568359375,9378307.272094205
2023-03-06,4317.3349609375,9378307.272094205
2023-03-07,4228.50048828125,9378307.272094205
2023-03-08,4210.73388671875,9378307.272094205
2023-03-09,4281.80078125,9378307.272094205
2023-03-10,4246.267578125,9378307.272094205
2023-03-13,4210.73388671875,9378307.272094205
2023-03-14,4104.13330078125,9378307.272094205
2023-03-15,4104.13330078125,9378307.272094205
2023-03-16,4157.43359375,9378307.272094205
2023-03-17,4157.43359375,9378307.272094205
2023-03-20,4175.20068359375,9378307.272094205
2023-03-21,4175.20068359375,9378307.272094205
2023-03-24,4228.50048828125,9378307.272094205
2023-03-27,4175.20068359375,9378307.272094205
2023-03-28,4157.43359375,9378307.272094205
2023-03-29,4228.50048828125,9378307.272094205
2023-03-30,4192.96728515625,9378307.272094205
2023-03-31,4264.0341796875,9378307.272094205
2023-04-03,4264.0341796875,9378307.272094205
2023-04-04,4281.80078125,9378307.272094205
2023-04-05,4264.0341796875,9378307.272094205
2023-04-06,4210.73388671875,9378307.272094205
2023-04-10,4246.267578125,9378307.272094205
2023-04-11,4317.3349609375,9378307.272094205
2023-04-12,4441.70263671875,9378307.272094205
2023-04-13,4441.70263671875,9378307.272094205
2023-04-14,4406.16845703125,9378307.272094205
2023-04-17,4423.935546875,9378307.272094205
2023-04-18,4566.06982421875,9378307.272094205
2023-04-26,4761.5048828125,9378307.272094205
2023-04-27,4761.5048828125,9378307.272094205
2023-04-28,4797.0390625,9378307.272094205
2023-05-02,4743.73828125,9378307.272094205
2023-05-03,4708.20458984375,9378307.272094205
2023-05-04,4690.43798828125,9378307.272094205
2023-05-05,4769.5419921875,9378307.272094205
2023-05-08,4750.15380859375,9378307.272094205
2023-05-09,4905.26171875,9378307.272094205
2023-05-10,4905.26171875,9378307.272094205
2023-05-11,4847.09619140625,9378307.272094205
2023-05-12,4827.70751953125,9378307.272094205
2023-05-15,4924.6494140625,9378307.272094205
2023-05-16,4866.48388671875,9378307.272094205
2023-05-17,4905.26171875,9378307.272094205
2023-05-19,5021.591796875,9378307.272094205
2023-05-22,5118.533203125,9378307.272094205
2023-05-23,5118.533203125,9378307.272094205
2023-05-24,5176.6982421875,9378307.272094205
2023-05-25,5118.533203125,9378307.272094205
2023-05-26,5118.533203125,9378307.272094205
2023-05-29,5118.533203125,9378307.272094205
2023-05-30,5040.9794921875,9378307.272094205
2023-05-31,5002.203125,9378307.272094205
2023-06-05,5293.0283203125,9378307.272094205
2023-06-06,5273.64013671875,9378307.272094205
2023-06-07,5273.64013671875,9378307.272094205
2023-06-08,5254.25244140625,9378307.272094205
2023-06-09,5273.64013671875,9378307.272094205
2023-06-12,5254.25244140625,9378307.272094205
2023-06-13,5234.86376953125,9378307.272094205
2023-06-14,5351.19384765625,9378307.272094205
2023-06-15,5331.80517578125,9378307.272094205
2023-06-16,5312.4169921875,9378307.272094205
2023-06-19,5331.80517578125,9378307.272094205
2023-06-20,5273.64013671875,9378307.272094205
2023-06-21,5370.58251953125,9378307.272094205
2023-06-22,5254.25244140625,9378307.272094205
2023-06-23,5254.25244140625,9378307.272094205
2023-06-26,5273.64013671875,9378307.272094205
2023-06-27,5254.25244140625,9378307.272094205
2023-07-03,5293.0283203125,9378307.272094205
2023-07-04,5254.25244140625,9378307.272094205
2023-07-05,5254.25244140625,9378307.272094205
2023-07-06,5273.64013671875,9378307.272094205
2023-07-07,5293.0283203125,9378307.272094205
2023-07-10,5254.25244140625,9378307.272094205
2023-07-11,5273.64013671875,9378307.272094205
2023-07-12,5254.25244140625,9378307.272094205
2023-07-13,5273.64013671875,9378307.272094205
2023-07-14,5234.86376953125,9378307.272094205
2023-07-17,5176.6982421875,9378307.272094205
2023-07-18,5099.14501953125,9378307.272094205
2023-07-20,5060.3681640625,9378307.272094205
2023-07-21,5002.203125,9378307.272094205
2023-07-24,5079.7568359375,9378307.272094205
2023-07-25,5040.9794921875,9378307.272094205
2023-07-26,5118.533203125,9378307.272094205
2023-07-27,5060.3681640625,9378307.272094205
2023-07-28,5137.92138671875,9378307.272094205
2023-07-31,5312.4169921875,9378307.272094205
2023-08-01,5331.80517578125,9378307.272094205
2023-08-02,5312.4169921875,9378307.272094205
2023-08-03,5293.0283203125,9378307.272094205
2023-08-04,5273.64013671875,9378307.272094205
2023-08-07,5331.80517578125,9378307.272094205
2023-08-08,5312.4169921875,9378307.272094205
2023-08-09,5331.80517578125,9378307.272094205
2023-08-10,5234.86376953125,9378307.272094205
2023-08-11,5234.86376953125,9378307.272094205
2023-08-14,5273.64013671875,9378307.272094205
2023-08-15,5215.4755859375,9378307.272094205
2023-08-16,5234.86376953125,9378307.272094205
2023-08-18,5060.3681640625,9378307.272094205
2023-08-21,5021.591796875,9378307.272094205
2023-08-22,5079.7568359375,9378307.272094205
2023-08-23,5079.7568359375,9378307.272094205
2023-08-24,5021.591796875,9378307.272094205
2023-08-25,5002.203125,9378307.272094205
2023-08-28,4982.81396484375,9378307.272094205
2023-08-29,4963.42626953125,9378307.272094205
2023-08-30,5002.203125,9378307.272094205
2023-08-31,5002.203125,9378307.272094205
2023-09-01,5079.7568359375,9378307.272094205
2023-09-04,5118.533203125,9378307.272094205
2023-09-05,5118.533203125,9378307.272094205
2023-09-06,5060.3681640625,9378307.272094205
2023-09-07,4963.42626953125,9378307.272094205
2023-09-08,4963.42626953125,9378307.272094205
2023-09-11,4944.03759765625,9378307.272094205
2023-09-12,4885.87255859375,9378307.272094205
2023-09-13,4885.87255859375,9378307.272094205
2023-09-14,4905.26171875,9378307.272094205
2023-09-15,4885.87255859375,9378307.272094205
2023-09-18,4885.87255859375,9378307.272094205
2023-09-19,4924.6494140625,9378307.272094205
2023-09-20,4885.87255859375,9378307.272094205
2023-09-21,4808.31884765625,9378307.272094205
2023-09-22,4808.31884765625,9378307.272094205
2023-09-25,4847.09619140625,9378307.272094205
2023-09-26,4808.31884765625,9378307.272094205
2023-09-27,4769.5419921875,9378307.272094205
2023-09-29,4827.70751953125,9378307.272094205
2023-10-02,4866.48388671875,9378307.272094205
2023-10-03,4808.31884765625,9378307.272094205
2023-10-04,4711.37744140625,9378307.272094205
2023-10-05,4672.60009765625,9378307.272094205
2023-10-06,4711.37744140625,9378307.272094205
2023-10-09,4750.15380859375,9378307.272094205
2023-10-10,4691.9892578125,9378307.272094205
2023-10-11,4691.9892578125,9378307.272094205
2023-10-12,4690.41259765625,9378307.272094205
2023-10-13,4710.11962890625,9378307.272094205
2023-10-16,4611.58154296875,9378307.272094205
2023-10-17,4611.58154296875,9378307.272094205
2023-10-18,4591.8740234375,9378307.272094205
2023-10-19,4513.0439453125,9378307.272094205
2023-10-20,4493.3359375,9378307.272094205
2023-10-23,4414.50537109375,9378307.272094205
2023-10-24,4572.1669921875,9378307.272094205
2023-10-25,4552.45947265625,9378307.272094205
2023-10-26,4513.0439453125,9378307.272094205
2023-10-27,4513.0439453125,9378307.272094205
2023-10-30,4572.1669921875,9378307.272094205
2023-10-31,4552.45947265625,9378307.272094205
2023-11-01,4572.1669921875,9378307.272094205
2023-11-02,4572.1669921875,9378307.272094205
2023-11-03,4650.9970703125,9378307.272094205
2023-11-06,4670.705078125,9378307.272094205
2023-11-07,4591.8740234375,9378307.272094205
2023-11-08,4513.0439453125,9378307.272094205
2023-11-09,4532.751953125,9378307.272094205
2023-11-10,4552.45947265625,9378307.272094205
2023-11-13,4453.92041015625,9378307.272094205
2023-11-14,4473.62841796875,9378307.272094205
2023-11-15,4532.751953125,9378307.272094205
2023-11-16,4591.8740234375,9378307.272094205
2023-11-17,4493.3359375,9378307.272094205
2023-11-20,4572.1669921875,9378307.272094205
2023-11-21,4552.45947265625,9378307.272094205
2023-11-22,4473.62841796875,9378307.272094205
2023-11-23,4493.3359375,9378307.272094205
2023-11-24,4513.0439453125,9378307.272094205
2023-11-27,4434.21337890625,9378307.272094205
2023-11-28,4375.09033203125,9356634.359527603
2023-11-29,4355.3828125,9315973.261305934
2023-11-30,4256.84521484375,9112667.770197587
2023-12-01,4532.751953125,9650142.59177823
2023-12-04,4532.751953125,9650142.59177823
2023-12-05,4513.0439453125,9650142.59177823
2023-12-06,4513.0439453125,9650142.59177823
2023-12-07,4473.62841796875,9650142.59177823
2023-12-08,4473.62841796875,9650142.59177823
2023-12-11,4414.50537109375,9650142.59177823
2023-12-12,4394.79736328125,9650142.59177823
2023-12-13,4355.3828125,9650142.59177823
2023-12-14,4434.21337890625,9650142.59177823
2023-12-15,4453.92041015625,9650142.59177823
2023-12-18,4414.50537109375,9650142.59177823
2023-12-19,4434.21337890625,9650142.59177823
2023-12-20,4434.21337890625,9650142.59177823
2023-12-21,4375.09033203125,9650142.59177823
2023-12-22,4375.09033203125,9650142.59177823
2023-12-27,4375.09033203125,9650142.59177823
2023-12-28,4414.50537109375,9650142.59177823
2023-12-29,4453.92041015625,9650142.59177823
2024-01-02,4493.3359375,9650142.59177823
2024-01-03,4414.50537109375,9650142.59177823
2024-01-04,4493.3359375,9650142.59177823
2024-01-05,4434.21337890625,9650142.59177823
2024-01-08,4394.79736328125,9650142.59177823
2024-01-09,4394.79736328125,9650142.59177823
2024-01-10,4355.3828125,9650142.59177823
2024-01-11,4375.09033203125,9650142.59177823
2024-02-22,4158.306640625,9650142.59177823
2024-02-23,4040.060546875,9650142.59177823
2024-02-26,4040.060546875,9650142.59177823
2024-02-27,4079.476318359375,9650142.59177823
2024-02-28,4118.8916015625,9650142.59177823
2024-02-29,4118.8916015625,9650142.59177823
2024-03-01,4118.8916015625,9650142.59177823
2024-03-04,4099.18408203125,9650142.59177823
2024-03-05,4020.353515625,9650142.59177823
2024-03-06,4079.476318359375,9650142.59177823
2024-03-07,4040.060546875,9650142.59177823
2024-03-08,4059.7685546875,9650142.59177823
2024-03-13,4059.7685546875,9650142.59177823
2024-03-14,4158.306640625,9650142.59177823
2024-03-15,4079.476318359375,9650142.59177823
2024-03-18,4059.7685546875,9650142.59177823
2024-03-19,4118.8916015625,9650142.59177823
2024-03-20,4158.306640625,9650142.59177823
2024-03-21,4217.4296875,9650142.59177823
2024-03-22,4237.13720703125,9650142.59177823
2024-03-25,4217.4296875,9650142.59177823
2024-03-26,4178.01416015625,9650142.59177823
2024-03-27,4158.306640625,9650142.59177823
2024-03-28,4059.7685546875,9650142.59177823
2024-04-01,4099.18408203125,9650142.59177823
2024-04-02,4158.306640625,9650142.59177823
2024-04-03,4138.59912109375,9650142.59177823
2024-04-04,4079.476318359375,9650142.59177823
2024-04-05,4158.306640625,9650142.59177823
2024-04-16,4020.353515625,9650142.59177823
2024-04-17,4040.060546875,9650142.59177823
2024-04-18,4020.353515625,9650142.59177823
2024-04-19,3862.692138671875,9627768.420884078
2024-04-22,3902.108154296875,9722860.963679329
2024-04-23,3961.23046875,9865495.65488648
2024-04-24,3870.57568359375,9646787.754040271
2024-04-25,3902.108154296875,9722860.963679327
2024-04-26,3846.926513671875,9589733.288559448
2024-04-29,3961.23046875,9865495.654886479
2024-04-30,4059.7685546875,10069935.758052643
2024-05-02,4079.476318359375,10069935.758052643
2024-05-03,4118.8916015625,10069935.758052643
2024-05-06,4020.353515625,10069935.758052643
2024-05-07,3980.9375,10069935.758052643
2024-05-08,4040.060546875,10069935.758052643
2024-05-13,4000.64599609375,10069935.758052643
2024-05-14,3937.0341796875,10069935.758052643
2024-05-15,3894.05322265625,10069935.758052643
2024-05-16,4048.784423828125,10069935.758052643
2024-05-17,4126.14990234375,10069935.758052643
2024-05-20,4074.57275390625,10069935.758052643
2024-05-21,4040.187744140625,10069935.758052643
2024-05-22,4048.784423828125,10069935.758052643
2024-05-27,3911.245361328125,10069935.758052643
2024-05-28,3876.861328125,10069935.758052643
2024-05-29,3833.880859375,10069935.758052643
2024-05-30,3713.534423828125,10069935.758052643
2024-05-31,3687.74609375,10046011.642602567
2024-06-03,3868.265380859375,10533781.96373062
2024-06-04,3937.0341796875,10719598.003806502
2024-06-05,3954.226318359375,10766051.848906042
2024-06-06,3919.841796875,10673143.499029243
2024-06-07,3919.841796875,10673143.499029243
2024-06-10,3876.861328125,10557008.556441532
2024-06-11,3739.322998046875,10257781.140074877
2024-06-12,3747.91943359375,10257781.140074877
2024-06-13,3833.880859375,10257781.140074877
2024-06-14,3799.49609375,10257781.140074877
2024-06-19,3825.284423828125,10257781.140074877
2024-06-20,3825.284423828125,10257781.140074877
2024-06-21,3859.669189453125,10257781.140074877
2024-06-24,3808.092041015625,10257781.140074877
2024-06-25,3782.303466796875,10257781.140074877
2024-06-26,3799.49609375,10257781.140074877
2024-06-27,3808.092041015625,10257781.140074877
2024-06-28,3833.880859375,10257781.140074877
2024-07-01,3971.4189453125,10257781.140074877
2024-07-02,3894.05322265625,10257781.140074877
2024-07-03,3928.43798828125,10257781.140074877
2024-07-04,3911.245361328125,10257781.140074877
2024-07-05,3937.0341796875,10257781.140074877
2024-07-08,3988.611083984375,10257781.140074877
2024-07-09,3919.841796875,10257781.140074877
2024-07-10,3902.649658203125,10257781.140074877
2024-07-11,3876.861328125,10257781.140074877
2024-07-12,3902.649658203125,10257781.140074877
2024-07-15,3842.4765625,10257781.140074877
2024-07-16,3765.111328125,10257781.140074877
2024-07-17,3833.880859375,10257781.140074877
2024-07-18,3902.649658203125,10257781.140074877
2024-07-19,3894.05322265625,10257781.140074877
2024-07-22,3885.45751953125,10257781.140074877
2024-07-23,3825.284423828125,10257781.140074877
2024-07-24,3894.05322265625,10257781.140074877
2024-07-25,3859.669189453125,10257781.140074877
2024-07-26,3962.82275390625,10257781.140074877
2024-07-29,3962.82275390625,10257781.140074877
2024-07-30,3902.649658203125,10257781.140074877
2024-07-31,4057.38037109375,10257781.140074877
2024-08-01,4074.57275390625,10257781.140074877
2024-08-02,4031.592041015625,10257781.140074877
2024-08-05,3919.841796875,10257781.140074877
2024-08-06,3962.82275390625,10257781.140074877
2024-08-07,3980.01513671875,10257781.140074877
2024-08-08,4074.57275390625,10257781.140074877
2024-08-09,4091.764892578125,10257781.140074877
2024-08-12,4091.764892578125,10257781.140074877
2024-08-13,4091.764892578125,10257781.140074877
2024-08-14,4203.51513671875,10257781.140074877
2024-08-15,4203.51513671875,10257781.140074877
2024-08-16,4272.28369140625,10257781.140074877
2024-08-19,4319.56298828125,10257781.140074877
2024-08-20,4405.5244140625,10257781.140074877
2024-08-21,4362.54345703125,10257781.140074877
2024-08-22,4298.072265625,10257781.140074877
2024-08-23,4384.0341796875,10257781.140074877
2024-08-26,4427.0146484375,10257781.140074877
2024-08-27,4427.0146484375,10257781.140074877
2024-08-28,4319.56298828125,10257781.140074877
2024-08-29,4362.54345703125,10257781.140074877
2024-08-30,4384.0341796875,10257781.140074877
2024-09-02,4469.9951171875,10257781.140074877
2024-09-03,4405.5244140625,10257781.140074877
2024-09-04,4341.05322265625,10257781.140074877
2024-09-05,4362.54345703125,10257781.140074877
2024-09-06,4341.05322265625,10257781.140074877
2024-09-09,4319.56298828125,10257781.140074877
2024-09-10,4319.56298828125,10257781.140074877
2024-09-11,4319.56298828125,10257781.140074877
2024-09-12,4319.56298828125,10257781.140074877
2024-09-13,4362.54345703125,10257781.140074877
2024-09-17,4362.54345703125,10257781.140074877
2024-09-18,4512.97607421875,10257781.140074877
2024-09-19,4534.46630859375,10257781.140074877
2024-09-20,4491.48583984375,10257781.140074877
2024-09-23,4491.48583984375,10257781.140074877
2024-09-24,4534.46630859375,10257781.140074877
2024-09-25,4491.48583984375,10257781.140074877
2024-09-26,4512.97607421875,10257781.140074877
2024-09-27,4384.0341796875,10257781.140074877
2024-09-30,4341.05322265625,10257781.140074877
2024-10-01,4448.5048828125,10257781.140074877
2024-10-02,4427.0146484375,10257781.140074877
2024-10-03,4512.97607421875,10257781.140074877
2024-10-04,4427.0146484375,10257781.140074877
2024-10-07,4384.0341796875,10257781.140074877
2024-10-08,4491.48583984375,10257781.140074877
2024-10-09,4362.54345703125,10257781.140074877
2024-10-10,4405.5244140625,10257781.140074877
2024-10-11,4362.54345703125,10257781.140074877
2024-10-14,4321.3466796875,10257781.140074877
2024-10-15,4321.3466796875,10257781.140074877
2024-10-16,4347.64208984375,10257781.140074877
2024-10-17,4338.876953125,10257781.140074877
2024-10-18,4312.58056640625,10257781.140074877
2024-10-21,4470.3583984375,10257781.140074877
2024-10-22,4623.75244140625,10257781.140074877
2024-10-23,4645.666015625,10257781.140074877
2024-10-24,4623.75244140625,10257781.140074877
2024-10-25,4579.92578125,10257781.140074877
2024-10-28,4601.83935546875,10257781.140074877
2024-10-29,4492.271484375,10257781.140074877
2024-10-30,4558.01220703125,10257781.140074877
2024-10-31,4470.3583984375,10257781.140074877
2024-11-01,4448.4443359375,10257781.140074877
2024-11-04,4492.271484375,10257781.140074877
2024-11-05,4536.0986328125,10257781.140074877
2024-11-06,4426.53125,10257781.140074877
2024-11-07,4382.7041015625,10257781.140074877
2024-11-08,4347.64208984375,10257781.140074877
2024-11-11,4356.40771484375,10257781.140074877
2024-11-12,4356.40771484375,10257781.140074877
2024-11-13,4404.61767578125,10257781.140074877
2024-11-14,4338.876953125,10257781.140074877
2024-11-15,4330.111328125,10257781.140074877
2024-11-18,4321.3466796875,10257781.140074877
2024-11-19,4356.40771484375,10257781.140074877
2024-11-20,4382.7041015625,10257781.140074877
2024-11-21,4286.2841796875,10257781.140074877
2024-11-22,4303.81494140625,10257781.140074877
2024-11-25,4536.0986328125,10257781.140074877
2024-11-26,4514.18505859375,10257781.140074877
2024-11-28,4492.271484375,10257781.140074877
2024-11-29,4470.3583984375,10257781.140074877
2024-12-02,4330.111328125,10257781.140074877
2024-12-03,4492.271484375,10257781.140074877
2024-12-04,4579.92578125,10257781.140074877
2024-12-05,4558.01220703125,10257781.140074877
2024-12-06,4514.18505859375,10257781.140074877
2024-12-09,4579.92578125,10257781.140074877
2024-12-10,4579.92578125,10257781.140074877
2024-12-11,4601.83935546875,10257781.140074877
2024-12-12,4470.3583984375,10257781.140074877
2024-12-13,4492.271484375,10257781.140074877
2024-12-16,4492.271484375,10257781.140074877
2024-12-17,4365.17333984375,10257781.140074877
2024-12-18,4382.7041015625,10257781.140074877
2024-12-19,4277.51904296875,10257781.140074877
2024-12-20,4268.75390625,10257781.140074877
2024-12-23,4338.876953125,10257781.140074877
2024-12-24,4277.51904296875,10257781.140074877
2024-12-27,4321.3466796875,10257781.140074877
2024-12-30,4295.05029296875,10257781.140074877
2025-01-02,4338.876953125,10257781.140074877
2025-01-03,4338.876953125,10257781.140074877
2025-01-06,4259.98779296875,10257781.140074877
2025-01-07,4312.58056640625,10257781.140074877
2025-01-08,4216.1611328125,10257781.140074877
2025-01-09,4321.3466796875,10257781.140074877
2025-01-10,4295.05029296875,10257781.140074877
2025-01-13,4163.568359375,10257781.140074877
2025-01-14,4163.568359375,10257781.140074877
2025-01-15,4330.111328125,10257781.140074877
2025-01-16,4277.51904296875,10257781.140074877
2025-01-17,4330.111328125,10257781.140074877
2025-01-20,4303.81494140625,10257781.140074877
2025-01-21,4303.81494140625,10257781.140074877
2025-01-22,4347.64208984375,10257781.140074877
2025-01-23,4295.05029296875,10257781.140074877
2025-01-24,4268.75390625,10257781.140074877
2025-01-30,4189.86474609375,10257781.140074877
2025-01-31,4207.39599609375,10257781.140074877
2025-02-03,4172.33447265625,10257781.140074877
2025-02-04,4207.39599609375,10257781.140074877
2025-03-13,4146.0380859375,10257781.140074877
2025-03-14,4049.618408203125,10257781.140074877
2025-03-17,4049.618408203125,10257781.140074877
2025-03-18,4075.91455078125,10257781.140074877
2025-03-19,4110.97607421875,10257781.140074877
2025-03-20,4128.50732421875,10257781.140074877
2025-03-21,4242.45703125,10257781.140074877
2025-03-24,4110.97607421875,10257781.140074877
2025-03-25,4075.91455078125,10257781.140074877
2025-03-26,4207.39599609375,10257781.140074877
2025-03-27,4312.58056640625,10257781.140074877
2025-04-08,3926.90283203125,10257781.140074877
2025-04-09,4049.618408203125,10257781.140074877
2025-04-10,4128.50732421875,10257781.140074877
2025-04-11,4128.50732421875,10257781.140074877
2025-04-14,4321.3466796875,10257781.140074877
2025-04-15,4268.75390625,10257781.140074877
2025-04-16,4189.86474609375,10257781.140074877
2025-04-17,4163.568359375,10257781.140074877
2025-04-21,4198.63037109375,10257781.140074877
2025-04-22,4154.80322265625,10257781.140074877
2025-04-23,4224.9267578125,10257781.140074877
2025-04-24,4181.099609375,10257781.140074877
2025-04-25,4259.98779296875,10257781.140074877
2025-04-28,4286.2841796875,10257781.140074877
2025-04-29,4207.39599609375,10257781.140074877
2025-04-30,4207.39599609375,10257781.140074877
2025-05-02,4198.63037109375,10257781.140074877
2025-05-05,4189.86474609375,10257781.140074877
2025-05-06,4163.568359375,10257781.140074877
2025-05-07,4233.69189453125,10257781.140074877
2025-05-08,4189.86474609375,10257781.140074877
2025-05-09,4189.86474609375,10257781.140074877
2025-05-14,4216.1611328125,10257781.140074877
2025-05-15,4224.9267578125,10257781.140074877
2025-05-16,4277.51904296875,10257781.140074877
2025-05-19,4330.111328125,10257781.140074877
2025-05-20,4259.98779296875,10257781.140074877
2025-05-21,4370.41845703125,10257781.140074877
2025-05-22,4332.984375,10257781.140074877
2025-05-23,4435.927734375,10257781.140074877
2025-05-26,4426.5693359375,10257781.140074877
2025-05-27,4398.49365234375,10257781.140074877
2025-05-28,4538.87158203125,10257781.140074877
2025-06-02,4473.36181640625,10257781.140074877
2025-06-03,4398.49365234375,10257781.140074877
2025-06-04,4314.267578125,10257781.140074877
2025-06-05,4314.267578125,10257781.140074877
2025-06-10,4304.90869140625,10257781.140074877
2025-06-11,4314.267578125,10257781.140074877
2025-06-12,4267.47509765625,10257781.140074877
2025-06-13,4276.8330078125,10257781.140074877
2025-06-16,4314.267578125,10257781.140074877
2025-06-17,4304.90869140625,10257781.140074877
2025-06-18,4295.55029296875,10257781.140074877
2025-06-19,4239.3994140625,10257781.140074877
2025-06-20,4201.9658203125,10257781.140074877
2025-06-23,4145.814453125,10257781.140074877
2025-06-24,4183.248046875,10257781.140074877
2025-06-25,4183.248046875,10257781.140074877
2025-06-26,4164.53125,10257781.140074877
2025-06-30,4211.32373046875,10257781.140074877
2025-07-01,4164.53125,10257781.140074877
2025-07-02,4248.75830078125,10257781.140074877
2025-07-03,4276.8330078125,10257781.140074877
2025-07-04,4323.6259765625,10257781.140074877
2025-07-07,4379.77685546875,10257781.140074877
2025-07-08,4361.06005859375,10257781.140074877
2025-07-09,4417.2109375,10257781.140074877
2025-07-10,4379.77685546875,10257781.140074877
2025-07-11,4407.8525390625,10257781.140074877
2025-07-14,4398.49365234375,10257781.140074877
2025-07-15,4398.49365234375,10257781.140074877
2025-07-16,4445.2861328125,10257781.140074877
2025-07-17,4482.72021484375,10257781.140074877
2025-07-18,4445.2861328125,10257781.140074877
2025-07-21,4454.64501953125,10257781.140074877
2025-07-22,4389.13525390625,10257781.140074877
2025-07-23,4632.45654296875,10257781.140074877
2025-07-24,4726.04150390625,10257781.140074877
2025-07-25,4679.2490234375,10257781.140074877
2025-07-28,4772.833984375,10257781.140074877
2025-07-29,4772.833984375,10257781.140074877
2025-07-30,4819.62646484375,10257781.140074877
2025-07-31,4772.833984375,10257781.140074877
2025-08-01,4679.2490234375,10257781.140074877
2025-08-04,4702.64501953125,10257781.140074877
2025-08-05,4702.64501953125,10257781.140074877
2025-08-06,4585.6640625,10257781.140074877
2025-08-07,4641.814453125,10257781.140074877
2025-08-08,4604.380859375,10257781.140074877
2025-08-11,4585.6640625,10257781.140074877
2025-08-12,4669.89013671875,10257781.140074877
2025-08-13,4843.0224609375,10257781.140074877
2025-08-14,4772.833984375,10257781.140074877
2025-08-15,4702.64501953125,10257781.140074877
2025-08-19,5170.56982421875,10257781.140074877
2025-08-20,5170.56982421875,10257781.140074877
2025-08-21,5264.1552734375,10257781.140074877
2025-08-22,5334.34375,10257781.140074877
2025-08-25,5381.13623046875,10257781.140074877
2025-08-26,5264.1552734375,10257781.140074877
2025-08-27,5147.17333984375,10257781.140074877
2025-08-28,5217.3623046875,10257781.140074877
2025-08-29,5147.17333984375,10257781.140074877
2025-09-01,5100.380859375,10257781.140074877
2025-09-02,5123.77734375,10257781.140074877
2025-09-03,5147.17333984375,10257781.140074877
2025-09-04,5147.17333984375,10257781.140074877
2025-09-08,5076.98486328125,10257781.140074877
2025-09-09,5170.56982421875,10257781.140074877
2025-09-10,5123.77734375,10257781.140074877
2025-09-11,5193.9658203125,10257781.140074877
2025-09-12,5310.94775390625,10257781.140074877
2025-09-15,5264.1552734375,10257781.140074877
2025-09-16,5287.55126953125,10257781.140074877
2025-09-17,5334.34375,10257781.140074877
2025-09-18,5217.3623046875,10257781.140074877
2025-09-19,5357.740234375,10257781.140074877
2025-09-22,5334.34375,10257781.140074877
2025-09-23,5521.513671875,10257781.140074877
2025-09-24,5521.513671875,10257781.140074877
2025-09-25,5404.53271484375,10257781.140074877
2025-09-26,5498.11767578125,10257781.140074877
2025-09-29,5404.53271484375,10257781.140074877
2025-09-30,5404.53271484375,10257781.140074877
2025-10-01,5310.94775390625,10257781.140074877
2025-10-02,5334.34375,10257781.140074877
2025-10-03,5451.3251953125,10257781.140074877
2025-10-06,5451.3251953125,10257781.140074877
2025-10-07,5381.13623046875,10257781.140074877
2025-10-08,5357.740234375,10257781.140074877
2025-10-09,5544.90966796875,10257781.140074877
2025-10-10,5521.513671875,10257781.140074877
2025-10-13,5427.9287109375,10257781.140074877
2025-10-14,5545.0166015625,10257781.140074877
2025-10-15,5497.419921875,10257781.140074877
2025-10-16,5473.62158203125,10257781.140074877
2025-10-17,5354.6298828125,10257781.140074877
2025-10-20,5640.2099609375,10257781.140074877
2025-10-21,5711.60498046875,10257781.140074877
2025-10-22,5878.193359375,10257781.140074877
2025-10-23,6020.9833984375,10257781.140074877
2025-10-24,6258.96728515625,10257781.140074877
2025-10-27,6282.765625,10257781.140074877
2025-10-28,6020.9833984375,10257781.140074877
2025-10-29,6163.7734375,10257781.140074877
2025-10-30,5973.38671875,10257781.140074877
2025-10-31,5854.39501953125,10257781.140074877
2025-11-03,6044.78173828125,10257781.140074877
2025-11-04,5997.18505859375,10257781.140074877
2025-11-05,5949.58837890625,10257781.140074877
2025-11-06,6020.9833984375,10257781.140074877
2025-11-07,6116.1767578125,10257781.140074877
2025-11-10,6116.1767578125,10257781.140074877
2025-11-11,6211.37060546875,10257781.140074877
2025-11-12,6139.97509765625,10257781.140074877
2025-11-13,6068.580078125,10257781.140074877
2025-11-14,6092.37841796875,10257781.140074877
2025-11-17,6139.97509765625,10257781.140074877
2025-11-18,6116.1767578125,10257781.140074877
2025-11-19,6092.37841796875,10257781.140074877
2025-11-20,6116.1767578125,10257781.140074877
2025-11-21,6116.1767578125,10257781.140074877
2025-11-24,6163.7734375,10257781.140074877
2025-11-25,6139.97509765625,10257781.140074877
2025-11-26,6282.765625,10257781.140074877
2025-11-27,6258.96728515625,10257781.140074877
2025-11-28,6235.1689453125,10257781.140074877
2025-12-01,6068.580078125,10257781.140074877
2025-12-02,6306.56396484375,10257781.140074877
2025-12-03,6282.765625,10257781.140074877
2025-12-04,6401.75732421875,10257781.140074877
2025-12-05,6377.958984375,10257781.140074877
2025-12-08,6401.75732421875,10257781.140074877
2025-12-09,6282.765625,10257781.140074877
2025-12-10,6306.56396484375,10257781.140074877
2025-12-11,6139.97509765625,10257781.140074877
2025-12-12,6282.765625,10257781.140074877
2025-12-15,6282.765625,10257781.140074877
2025-12-16,6282.765625,10257781.140074877
2025-12-17,6282.765625,10257781.140074877
2025-12-18,6187.572265625,10257781.140074877
2025-12-19,6211.37060546875,10257781.140074877
2025-12-22,6258.96728515625,10257781.140074877
2025-12-23,6187.572265625,10257781.140074877
2025-12-24,6306.56396484375,10257781.140074877
2025-12-29,6354.16064453125,10257781.140074877
2025-12-30,6377.958984375,10257781.140074877
2026-01-02,6473.15234375,10257781.140074877
2026-01-05,6544.54736328125,10257781.140074877
2026-01-06,6568.345703125,10257781.140074877
2026-01-07,6687.33740234375,10257781.140074877
2026-01-08,6663.5390625,10257781.140074877
2026-01-09,6544.54736328125,10257781.140074877
2026-01-12,6663.5390625,10257781.140074877
2026-01-13,6949.119140625,10257781.140074877
2026-01-14,6782.53076171875,10257781.140074877
2026-01-15,6711.1357421875,10257781.140074877
2026-01-19,7044.31298828125,10257781.140074877
2026-01-20,6925.32080078125,10257781.140074877
2026-01-21,6282.765625,10257781.140074877
2026-01-22,6449.35400390625,10257781.140074877
2026-01-23,6496.95068359375,10257781.140074877
2026-01-26,6544.54736328125,10257781.140074877
2026-01-27,5997.18505859375,10257781.140074877
2026-01-28,5878.193359375,10257781.140074877
2026-01-29,6163.7734375,10257781.140074877
2026-01-30,6044.78173828125,10257781.140074877
2026-02-02,5973.38671875,10257781.140074877
2026-02-03,6473.15234375,10257781.140074877
2026-02-04,6354.16064453125,10257781.140074877
2026-02-05,6615.9423828125,10257781.140074877
2026-02-06,6377.958984375,10257781.140074877
2026-02-09,6330.3623046875,10257781.140074877
2026-02-10,6520.7490234375,10257781.140074877
2026-02-11,6425.5556640625,10257781.140074877
2026-02-12,6449.35400390625,10257781.140074877
2026-02-13,6330.3623046875,10257781.140074877
2026-02-18,6377.958984375,10257781.140074877
2026-02-19,6282.765625,10257781.140074877
2026-02-20,6235.1689453125,10257781.140074877
2026-02-23,6306.56396484375,10257781.140074877
2026-02-24,6235.1689453125,10257781.140074877
2026-04-10,5997.18505859375,10257781.140074877
2026-04-13,5878.193359375,10257781.140074877
2026-04-14,5854.39501953125,10257781.140074877
2026-04-15,5997.18505859375,10257781.140074877
2026-04-16,5901.99169921875,10257781.140074877
2026-04-17,6068.580078125,10257781.140074877
2026-04-20,6044.78173828125,10257781.140074877
2026-04-21,6020.9833984375,10257781.140074877
2026-04-22,6282.765625,10257781.140074877
2026-04-23,6020.9833984375,10257781.140074877
2026-04-24,6020.9833984375,10257781.140074877
2026-04-27,5830.5966796875,10257781.140074877
2026-04-28,5735.4033203125,10257781.140074877
2026-04-29,5759.20166015625,10257781.140074877
2026-04-30,5687.806640625,10257781.140074877
2026-05-04,5783.0,10257781.140074877
2026-05-05,5875.0,10257781.140074877
2026-05-06,5750.0,10257781.140074877
2026-05-07,5850.0,10257781.140074877
2026-05-08,5825.0,10257781.140074877
2026-05-11,6050.0,10257781.140074877
2026-05-12,5850.0,10257781.140074877
2026-05-13,5750.0,10257781.140074877
2026-05-14,5750.0,10257781.140074877
2026-05-15,5750.0,10257781.140074877
2026-05-18,6000.0,10257781.140074877
2026-05-19,5950.0,10257781.140074877
2026-05-20,5975.0,10257781.140074877
2026-05-21,5600.0,10257781.140074877
2026-05-22,5400.0,10257781.140074877
2026-05-25,5600.0,10257781.140074877
2026-05-26,5125.0,10257781.140074877
2026-05-27,5125.0,10257781.140074877
2026-05-28,5125.0,10257781.140074877
2026-05-29,5000.0,10257781.140074877
2026-06-02,4900.0,10257781.140074877
2026-06-03,4840.0,10257781.140074877
2026-06-04,4630.0,10257781.140074877
2026-06-05,4570.0,10257781.140074877
2026-06-08,4360.0,10257781.140074877
2026-06-09,4670.0,10257781.140074877
2026-06-10,4700.0,10257781.140074877
2026-06-11,4700.0,10257781.140074877
2026-06-12,4740.0,10257781.140074877
2026-06-15,4890.0,10257781.140074877
2026-06-17,4800.0,10257781.140074877
2026-06-18,4770.0,10257781.140074877
2026-06-19,4810.0,10257781.140074877
2026-06-22,4730.0,10257781.140074877
2026-06-23,4680.0,10257781.140074877
2026-06-24,4640.0,10257781.140074877
2026-06-25,4920.0,10257781.140074877
2026-06-26,4760.0,10257781.140074877
2026-06-29,4710.0,10257781.140074877
2026-06-30,4520.0,10257781.140074877
